,Birthdate,Description,Image,Name
0,1965-03-14,Aamir is no doubt one of the most dedicated actors in this world. With his recent success in India and China markets combined he has got the title of World\u0027s Biggest Superstar. He went through rapid transformations in his body structure for his films to bring out the reality factor in his characters. This is also one of the reasons why his films ...,https://m.media-amazon.com/images/M/MV5BMjAwMjk3NDUzN15BMl5BanBnXkFtZTcwNjI4MTY0NA@@._V1_.jpg,Aamir Khan
1,1967-09-09,"Akshay Kumar, born September 9, 1967, is an actor. He studied martial arts in Hong Kong. It was a student that suggested that he try modeling. Because of his success as model, he was offered films. Along with his good looks and excellent martial art skills, he was always the first choice to do adventurous movies. He does his own stunts in his ...",https://m.media-amazon.com/images/M/MV5BODI4NDY1NzkyM15BMl5BanBnXkFtZTgwNzM3MDM0OTE@._V1_.jpg,Akshay Kumar
2,1969-04-02,"Ajay Devgn is an Indian film actor, director, and producer. He made his film debut with Phool Aur Kaante in 1991 and received a Filmfare Award for Best Male Debut for his performance in the film. He then starred in films such as Jigar (1992), Dilwale (1994), Suhaag (1994), Naajayaz (1995), Diljale (1996) and Ishq (1997). In 1999, Devgn received his...",https://m.media-amazon.com/images/M/MV5BMTY0MDY2MDMwOV5BMl5BanBnXkFtZTgwNDE4MDM0OTE@._V1_.jpg,Ajay Devgn
3,1940-11-12,"Amjad Khan was born on November 12, 1940 in Hyderabad, Hyderabad State, British India. He was an actor and director, known for Sholay (1975), Yaarana (1981) and Maa Kasam (1985). He was married to Shaila Khan. He died on July 27, 1992 in Bombay, Maharashtra, India.",https://m.media-amazon.com/images/M/MV5BOWUzNjU3YTUtOGIyMi00MDk3LTk1NDMtMzY4MDZlNDFhNTFhXkEyXkFqcGdeQXVyMTExNDQ2MTI@._V1_.jpg,Amjad Khan
4,1942-10-11,"Son of well known poet Harivansh Rai Bachchan and Teji Bachchan. He has a brother named Ajitabh. He completed his education from Uttar Pradesh and moved to Bombay to find work as a film star, in vain though, as film-makers preferred someone with a fairer skin, and he was not quite fair enough. But they did use one of his other assets, his deep ...",https://m.media-amazon.com/images/M/MV5BNTk1OTUxMzIzMV5BMl5BanBnXkFtZTcwMzMxMjI0Nw@@._V1_.jpg,Amitabh Bachchan
5,1944-11-24,"Amol Palekar was born on November 24, 1944 in Bombay, Bombay Presidency, British India. He is an actor and director, known for Kairee (1999), Bangarwadi (1995) and Gol Maal (1979).",https://m.media-amazon.com/images/M/MV5BNzZhNDQ1YzItNTVlOC00MmVmLTkzMjEtMDFmN2Q0MDU2YmQ3XkEyXkFqcGdeQXVyMTExNDQ2MTI@._V1_.jpg,Amol Palekar
6,1976-03-15,"Abhay Deol (born in 1976, India) is an Indian film actor. He is the nephew of famous veteran actor Dharmendra and cousin of actors Sunny Deol and Bobby Deol and actress Esha Deol. After graduating from Mumbai University, Abhay headed to Los Angeles and studied Fine Arts. After completing a two year acting course, Abhay answered to his Bollywood ...",https://m.media-amazon.com/images/M/MV5BMTU2NzkzODA3OV5BMl5BanBnXkFtZTcwMzk2MDMyOA@@._V1_.jpg,Abhay Deol
7,1975-03-28,"Akshaye Khanna was born in Mumbai in 1975. He is the middle son of Bollywood actor and politician Vinod Khanna, and the younger brother of actor Rahul Khanna. After studying in Kishore Namit Kapoor Acting Institute in Mumbai, Khanna made his acting debut in Bollywood in 1997 with the movie Himalay Putra, which went without much success at box ...",https://m.media-amazon.com/images/M/MV5BMjAxNDQyNDkxM15BMl5BanBnXkFtZTcwNTQyNTA0MQ@@._V1_.jpg,Akshaye Khanna
8,1968-04-19,"Arshad Warsi was born in Mumbai, India, and did his schooling at a boarding school, Barnes School, Deolali in Nashik district, Maharashtra. He was orphaned at the age of 14 and struggled for a living in Mumbai during his early days. Financial circumstances forced Warsi to start work as a door-to-door cosmetics salesman at age 17. Later he worked in...",https://m.media-amazon.com/images/M/MV5BNmMwOGYwMjUtN2M5My00ODIxLWI3ZjctODM2MGI4OGQzOWM0XkEyXkFqcGdeQXVyMTExNDQ2MTI@._V1_.jpg,Arshad Warsi
9,1981-11-07,Anushka Shetty is an Indian Film Actress. She was also a Yoga Instructor and has trained under yoga guru Bharat Thakur. This tall and gorgeous beauty debuted in the 2005 Telugu film Super starring Nagarjuna which was super hit at box office. Later her performance in Vikramarkudu make her noticeable. But in Arundhati in which she had played the role...,https://m.media-amazon.com/images/M/MV5BZTkxYmU1NmUtNGE4Ni00OWNmLWE5YzktNTJiZTlmMTIyMTM5XkEyXkFqcGdeQXVyMTExNDQ2MTI@._V1_.jpg,Anushka Shetty
10,1965-09-10,"Atul Kulkarni was born on September 10, 1965 in Karnataka, India. He is an actor, known for Rang De Basanti (2006), Hey Ram (2000) and Page 3 (2005).",https://m.media-amazon.com/images/M/MV5BY2E1ODI1MGUtYWY1ZS00ZDdlLTg0ZDctNWU1NmJhM2UxYzU5XkEyXkFqcGdeQXVyMjkxNzQ1NDI@._V1_.jpg,Atul Kulkarni
11,1941-01-01,Asrani was born in a middle class Sindhi family. His father migrated to Jaipur after the Partition of India and opened a shop selling carpets. He has four sisters and three brothers: two elder and one younger. Asrani was highly uninterested in business and very weak in mathematics. He completed his matriculation from St. Xaviers School and did his...,https://m.media-amazon.com/images/M/MV5BMjEyNDQ4MzUzNF5BMl5BanBnXkFtZTgwNjY3OTczOTE@._V1_.jpg,Asrani
12,1984-09-14,"Ayushmann Khurrana was born on 14 September 1984 in Chandigarh, India. Ayushmann started off his career as a popular radio jockey, and eventually became a VJ on MTV India and one of the most popular hosts in India. He shot to stardom with the runaway hit, \u0027Vicky Donor\u0027 in 2012. His effortless act in his debut won him rave reviews and the film went...",https://m.media-amazon.com/images/M/MV5BOTk4MDY4ODAwNl5BMl5BanBnXkFtZTcwNzQ0MjY2Nw@@._V1_.jpg,Ayushmann Khurrana
13,1946-08-18,"Aruna Irani made her debut in the movie Gunga Jumna (1961) at nine years old playing Azra\u0027s character. After doing several small roles in films like Jahanara (1964), Farz (1967), Upkar (1967) and Aaya Sawan Jhoomke (1969). She was paired with comedian Mehmood Ali in films like Aulad (1968), Jawab, Humjoli (1970), Manmandir and Naya Zamana (1971)....",https://m.media-amazon.com/images/M/MV5BYWIzYjZkZTAtNDM0MS00YjBiLWJlMjItZDY1YTJhNjMxNTExXkEyXkFqcGdeQXVyNDUzOTQ5MjY@._V1_.jpg,Aruna Irani
14,1956-02-20,"Annu Kapoor made his debut in the film Mandi directed by Shyam Benegal in 1983.His career has spanned nearly 30 years including a distinctive presence in Bollywood cinema, television serials, and reality game shows. He is best remembered for hosting the singing show Antakshari, produced by ZEE TV. His performance as an obsessive-compulsive Sperm ...",https://m.media-amazon.com/images/M/MV5BMjE4MjAxODk1NV5BMl5BanBnXkFtZTcwODQ0MjY2Nw@@._V1_.jpg,Annu Kapoor
15,1962-06-19,"Ashish Vidyarthi was born on June 19, 1962 in Tellicherry, Kerala, India. He is an actor, known for 24 (2013), Haider (2014) and Pokiri (2006).",https://m.media-amazon.com/images/M/MV5BMzk5Mzc5Y2YtYjJjYy00OGIyLTg4MzctZTMxNDBiYzY2MTcxXkEyXkFqcGdeQXVyNjc0MTQwOTc@._V1_.jpg,Ashish Vidyarthi
16,,"Adil Hussain is known for his critically acclaimed performances in award winning films such as Ang Lee\u0027s Oscar winning Life of Pi, Subhashish Bhutiani\u0027s Hotel Salvation/Mukti Bhavan, Iram Haq\u0027s What Will People Say, Danis Tanovic\u0027s Tigers, Mira Nair\u0027s The Reluctant Fundamentalist, Pan Nalin\u0027s Angry Indian Goddesses, Partho Sen-Gupta\u0027s Sunrise, ...",https://m.media-amazon.com/images/M/MV5BN2Q2YzA4MDMtMzVkYy00ZTMwLTgzN2EtZTc4NTRiODhkNzM3XkEyXkFqcGdeQXVyMjA4ODEzMzE@._V1_.jpg,Adil Hussain
17,1955-03-07,"Anupam Kher was born on March 7, 1955 in Shimla, Himachal Pradesh, India. He is an actor and producer, known for Silver Linings Playbook (2012), A Wednesday (2008) and M.S. Dhoni: The Untold Stor (2016).",https://m.media-amazon.com/images/M/MV5BMjMyMjc1OTgzNF5BMl5BanBnXkFtZTgwMDY1NDMzOTE@._V1_.jpg,Anupam Kher
18,1956-12-24,"Living in a Chawl in Tilak Nagar, Punjabi-speaking Anil was born in 1959 to Surinder and Nirmal aka Suchitra Kapoor. He has an elder brother, Boney, a sister, Reena, and a younger brother, Sanjay. His dad used to be Shammi Kapoor\u0027s Secretary. A loner, without many friends, he studied in the nearby O.L.P.S. (Our Lady of Perpetual Succor) School, and...",https://m.media-amazon.com/images/M/MV5BMjUyMWE5MjUtMDlkMC00ODc0LThkOTgtNjZhNDgyMTU5ZDhlXkEyXkFqcGdeQXVyMTExNDQ2MTI@._V1_.jpg,Anil Kapoor
19,1932-06-22,"Believe it or not, Amrish Puri wanted to become a Bollywood movie hero but failed a screen test in 1954. And what a failure it was! Mr. Puri went on to become one of the most renowned and credible villains in the history of Indian cinema. His most memorable and often quoted role is the character of \u0027Mogambo\u0027 (with the catchphrase \",https://m.media-amazon.com/images/M/MV5BYWRlMTk2NWYtYjhjNy00NmRjLTg4NWMtMmM2YjJlN2YwNWE4XkEyXkFqcGdeQXVyMTExNDQ2MTI@._V1_.jpg,Amrish Puri
20,,"Amole Gupte is an Indian screenwriter, actor, and director, known for his work on Bollywood films like Taare Zameen Par (Like Stars on Earth), Stanley ka dabba, Kaminey and others. He is also an actor in Bheja Fry 2 (2011), stanley Ka Dabba (2011),Urumi (2011) Phas gaye re obama (2010) and Kaminey.",https://m.media-amazon.com/images/M/MV5BZmNhMWQyOGYtYmZkMy00ZjdjLWE4N2QtYjc0NzEyZjViZWQzXkEyXkFqcGdeQXVyMTExNDQ2MTI@._V1_.jpg,Amole Gupte
21,1959-12-02,"Boman Irani was born on December 2, 1959 in Bombay, State of Bombay, India. He is an actor, known for 3 Idiots (2009), Munna Bhai M.B.B.S. (2003) and Don 2 (2011). He has been married to Zenobia since January 28, 1985. They have two children.",https://m.media-amazon.com/images/M/MV5BNTc4ZjFlMjUtODU3MS00M2JhLTlkMzEtMmIyODFiMjAwZmJhXkEyXkFqcGdeQXVyNTE0MDc0NTM@._V1_.jpg,Boman Irani
22,1913-05-01,"Balraj Sahni was born on May 1, 1913 in Rawalpindi, Punjab, British India. He was an actor, known for Baazi (1951), Kabuliwala (1961) and Bhabhi (1957). He was married to Santosh Chandhok and Damayanti Sahni. He died on April 13, 1973 in Bombay, Maharashtra, India.",https://m.media-amazon.com/images/M/MV5BZDgwMGMzMWUtMmQ1Yi00NjM0LTlkMDgtMTk5MmFkMWJhNDY1XkEyXkFqcGdeQXVyMTExNDQ2MTI@._V1_.jpg,Balraj Sahni
23,,"Binnu Dhillon is an actor and producer, known for Dev.D (2009), Vadhayiyaan Ji Vadhayiyaan (2018) and Chhevan Dariya (The Sixth River) (2010).",,Binnu Dhillon
24,1920-06-14,"Bharat Bhushan was born on June 14, 1920 in Meerut, United Provinces of Agra and Oudh, British India. He was an actor, known for Gateway of India (1957), Mirza Ghalib (1954) and Shri Chaitanya Mahaprabhu (1954). He died on January 27, 1992 in Bombay, Maharashtra, India.",https://m.media-amazon.com/images/M/MV5BODIwNGY2OGItN2I4Ny00Y2ExLWEzZmQtMTI0M2IxMWQxYTU5XkEyXkFqcGdeQXVyNDUzOTQ5MjY@._V1_.jpg,Bharat Bhushan
25,1955-08-22,"This Telugu Star was a student at the Madras Film Institute and an amateur stage actor. His first public performance was in the Republic Day parade ballet of Andra Pradesh on 26 January, 1976. His film debut was Punadhirallu (1978). His brother-in-law is producer Allu Aravind. His success started with Initilo Ramayya Vidhilo Krishnayya (1981). He ...",https://m.media-amazon.com/images/M/MV5BOGQ4MTc3MWYtNmUxNi00Nzk3LWFjMDItM2Y1NmVmMDEyNWIxXkEyXkFqcGdeQXVyMTExNDQ2MTI@._V1_.jpg,Chiranjeevi
26,1962-09-26,"Chunky Pandey was born in Bombay, India on September 26, 1962 in a non-film household. Chunky\u0027s real name is Suyash Sharad Pandey, but is also known as Chandrakant Pandey. He shot into fame with a secondary role in \u0027Tezaab\u0027 which had Anil Kapoor and Madhuri Dixit in the lead roles. He continued to meet considerable success in secondary and ...",https://m.media-amazon.com/images/M/MV5BMTk5NjI3MTEwNF5BMl5BanBnXkFtZTgwMzU2MTMzOTE@._V1_.jpg,Chunky Pandey
27,1948-02-25,"Danny, who married Gawa Denzongpa, a Sikkimese princess and niece of the last chogyal from her hometown of Gangtok, currently resides in Juhu in Mumbai. He likes to listen to Nepali folk music especially Nepali flutes. In recent times he has become more selective as to the roles he plays. He does not work in March, April, and May as they are hot. ...",https://m.media-amazon.com/images/M/MV5BMzI4Njg3OTcyNF5BMl5BanBnXkFtZTcwNzQzMTYxOA@@._V1_.jpg,Danny Denzongpa
28,1996-03-09,"Born in the same city and on the same month as his family friend Aamir Khan, Darsheel Safary (born March 9, 1997 in Mumbai, India) is an Indian child movie actor primarily working on starring in Hindi Bollywood films. He is best known for his acclaimed portrayal of a dyslexic child in the 2007 film Taare Zameen Par (Like Stars on Earth), a drama ...",https://m.media-amazon.com/images/M/MV5BMjYyYzViMmYtMjU4Yi00NGM3LWFjZTEtZmFkOGFmOTllY2I2XkEyXkFqcGdeQXVyMTExNDQ2MTI@._V1_.jpg,Darsheel Safary
29,1961-08-28,"Deepak Tijori was born on August 28, 1961 in Bombay, Maharashtra, India. He is an actor and director, known for Fox (2009), Do Lafzon Ki Kahani (2016) and Tipsy (2020).",https://m.media-amazon.com/images/M/MV5BNmIwYzhiNjUtYmY3NS00YjdhLTlkM2UtZDJhZDJiNDkzNDI5XkEyXkFqcGdeQXVyNDY2Nzg2NQ@@._V1_.jpg,Deepak Tijori
30,1935-12-08,"Dharmendra is one of the biggest stars of Indian cinema. Dharmendra Deol played the romantic hero in woman centric films from 1960-1968 and became romantic hero from 1968-69 and played the role of action hero from 1971-1997. Dharmendra has appeared in 306 films. He is known as \u0027Garam\u0027 Dharam in Bollywood. Had the looks of a real gentle man, ...",https://m.media-amazon.com/images/M/MV5BMTk0ODU5NjAzMl5BMl5BanBnXkFtZTcwNDYyOTM5NA@@._V1_.jpg,Dharmendra
31,1986-01-05,"Deepika Padukone, born 5 January 1986 in Copenhagen, Denmark, is an Indian model \u0026 Actress. She is the daughter of former badminton Champion Prakash Padukone. Her mother tongue is Konkani. Deepika has a younger sister named Anisha. She has been modeling appearances in print and television advertising campaigns for Liril, Close-Up toothpaste and ...",https://m.media-amazon.com/images/M/MV5BNGFlYzAyYjgtNzRjNS00NmE4LTliOGYtYzBkYzU5MzRhMDM0XkEyXkFqcGdeQXVyMTExNDQ2MTI@._V1_.jpg,Deepika Padukone
32,1957-06-08,"Born in a Gujerati-speaking family on June 8, 1957, daughter to businessman, Chunnibhai and Betty, Dimple has a younger sister, Simple, who was born on 15 August 1958. She was discovered by Raj Kapoor, who signed her up opposite his son, Rishi, in the 1973 hit \u0027Bobby\u0027. The film made Rishi and her stars overnight, at the time she was just 16 years ...",https://m.media-amazon.com/images/M/MV5BNTc4MTE1NDU5MF5BMl5BanBnXkFtZTcwNDI2MTcxOA@@._V1_.jpg,Dimple Kapadia
33,1923-09-26,"After having played the Lead Actor for more than five decades in over 110 motion pictures, Dev Anand continues to bestride Indian Cinema today. He has given a new dimension to that magical state known as Stardom. And for his exemplary work he was awarded the Padma Bhushan in 2001 by the President of India. From the time he embarked on his career ...",https://m.media-amazon.com/images/M/MV5BMTk5MDI0OTQzOF5BMl5BanBnXkFtZTcwMTgwMzEzMQ@@._V1_.jpg,Dev Anand
34,1952-02-03,"Deepti Naval is an Indian film actor, director, writer, painter and photographer. A multi-faceted personality, her major contribution has been in the area of art cinema, winning critical acclaim for her sensitive and close to life characters that emphasized the changing role of women in India. The first American-Indian actor to join Hindi films, ...",https://m.media-amazon.com/images/M/MV5BYjhjNWM1MmUtM2M3My00MWZmLWE5NDYtNTI5YTM3MWQwNGVhXkEyXkFqcGdeQXVyNDUzOTQ5MjY@._V1_.jpg,Deepti Naval
35,1922-12-11,"Dilip Kumar is considered to be one of the greatest actors of Indian cinema. Starting his career in 1944, he has starred in some of the biggest commercially successful films in the period 1949-1961. . He was the first actor to receive a Filmfare Best Actor Award and holds the record for most number of Filmfare Awards won for that category. Though ...",https://m.media-amazon.com/images/M/MV5BMzg0NTM0MjYxN15BMl5BanBnXkFtZTcwMzY1NTAzMQ@@._V1_.jpg,Dilip Kumar
36,1948-03-25,"Farooq Sheikh was an Indian actor, philanthropist and a television presenter. He was known for his work in Hindi films from 1977 to 1989. He returned to acting in films in 2008. His major contribution was in Parallel Cinema or the New Indian Cinema. He\u0027s acted in serials and shows on television and has performed on stage in famous productions like...",https://m.media-amazon.com/images/M/MV5BNzY3ODZmNDctZDA0ZC00NGNmLTgzZmItM2JhMTI4MzM3NTU2XkEyXkFqcGdeQXVyMTExNDQ2MTI@._V1_.jpg,Farooq Shaikh
37,1974-01-09,"An accomplished and award-winning producer-director-writer-actor-singer, Farhan Akhtar is the ultimate Bollywood multi-hyphenate. Born in 1974 to prolific Indian film writer and poet, Javed Akhtar and writer-director, Honey Irani , Farhan was raised in an environment where creativity and originality of thought were encouraged. This has made him a ...",https://m.media-amazon.com/images/M/MV5BMjA4MjYwNzAzM15BMl5BanBnXkFtZTcwMzUyMTUxNw@@._V1_.jpg,Farhan Akhtar
38,1939-09-25,"Firoz was born in Bangalore on September 25, 1939 to a Pathan father, Sadiq, and an Iranian mother, Fatima. He has three brothers, Abbas alias Sanjay, Akbar, and Sameer. Both Sanjay and Akbar are actors within their own rights, while Sameer is a film-maker and assists in their Golden Palms Spa located in Bangalore. He made his entry on the silver ...",https://m.media-amazon.com/images/M/MV5BN2NjODM2NDItYTU0Ni00MzJmLWJkZTYtMjQ3ZDZjZmNjY2NhXkEyXkFqcGdeQXVyMTExNDQ2MTI@._V1_.jpg,Feroz Khan
39,1949-03-14,"Farida Jalal was discovered by Filmfare\u0027s United Producers\u0027 Talent Hunt in the 1960s. She starred in her first movie as a teenager, in the Rajshri Productions\u0027 \",https://m.media-amazon.com/images/M/MV5BZGE2OTUzZDEtZWQ2Ny00YTQ0LWEyYmItYmRiYjMxNTFiYzYwXkEyXkFqcGdeQXVyNDUzOTQ5MjY@._V1_.jpg,Farida Jalal
40,1925-07-09,"Considered to be a man ahead of his time, Guru Dutt was one of the greatest icons of commercial Indian cinema. Although he made less than fifty films, they are believed to be the best to come from Bollywood\u0027s Golden Age, known both for their ability to reach out to the common man and for their artistic and lyrical content, and they went on to ...",https://m.media-amazon.com/images/M/MV5BMjA0Mzg2NjEwN15BMl5BanBnXkFtZTgwODQ1NDQzNzE@._V1_.jpg,Guru Dutt
41,1963-12-21,"Govinda was born on December 21, 1963. Govinda has acted in over 120 films since his debut in 1986. Govinda is best-known for his comedy related roles; his powerful contribution in dancing in bollywood is inevitable. He is one of the most successful actors and is definitely the best dancer in bollywood. His hardworking mentality and consistent ...",https://m.media-amazon.com/images/M/MV5BNzEwNDgwMTk3Nl5BMl5BanBnXkFtZTgwNjMwOTU4MDI@._V1_.jpg,Govinda
42,1955-09-21,"Gulshan Grover was born, raised and educated in Delhi, India. After receiving his master\u0027s degree in Commerce from Shri Ram College of Commerce, he decided to pursue his passion and made a lifelong commitment to entertainment industry. He honed his acting skills in theatre, and after many stage productions with the well-known \",https://m.media-amazon.com/images/M/MV5BM2FmZGY4NDctMzczOC00MTg3LWExZDUtYWU5NTNkMTA4YzZhXkEyXkFqcGdeQXVyODI0MDE3OQ@@._V1_.jpg,Gulshan Grover
43,,"Gurpreet Ghuggi was born as Gurpreet Singh. He is known for his work on Race (2008), Singh Is Kinng (2008) and Nalaik (2005). He is married to Kuljeet Kaur. They have two children.",https://m.media-amazon.com/images/M/MV5BODJhZWQ3NGEtZDFmYS00YTc3LTllMzctZGFlM2U0NjliYTczXkEyXkFqcGdeQXVyMTExNDQ2MTI@._V1_.jpg,Gurpreet Ghuggi
44,1938-05-19,"Girish Karnad was born on 19th May 1938 in Matheran, Maharashtra. He is acclaimed for his contemporary playwrights in Kannada. He is also an actor, director and screen writer. He was conferred Padma Shri and Padma Bhushan by the Government of India and won four Filmfare Awards where three are Filmfare Award for Best Director - Kannada and one ...",https://m.media-amazon.com/images/M/MV5BMTkyNDk3MjEzN15BMl5BanBnXkFtZTYwOTQyODEz._V1_.jpg,Girish Karnad
45,1974-01-10,"Hrithik Roshan is an Indian actor, born on 10th January 1974, well known globally for his versatile roles, unmatchable dancing skills and attractive looks. After having appeared in films as a child actor in the 1980s, Roshan made his film debut in a leading role in Kaho Naa... Pyaar Hai (2000) for which he earned Filmfare Awards for Best Actor and ...",https://m.media-amazon.com/images/M/MV5BZjYwYjE4YjQtMTFmMi00NTlhLThjZjUtZTIyMTczMGU2ZDE5XkEyXkFqcGdeQXVyNzM2NzM0NDU@._V1_.jpg,Hrithik Roshan
46,1986-07-28,"Huma Qureshi born and raised in Delhi. Her father is a famous restaurant owner called Saleem\u0027s a chain of some 10 restaurants in Delhi. Her brother, Saqib Saleem is an actor and acted in Mujhse Fraaandship Karoge. In year 2011 an announcement was made that Huma would make her Bollywood debut in a movie too called Billa 2 but got delayed due to ...",https://m.media-amazon.com/images/M/MV5BMTEwMTkyMDY3OTheQTJeQWpwZ15BbWU4MDE1MjEyMzkx._V1_.jpg,Huma Qureshi
47,1979-11-14,"An alumnus of National School of Drama, Inaamulhaq was born on Nov 14, 1979 in Saharanpur-Uttar Pradesh. He first appeared on stage at the age of twelve. Later, he joined the \u0027Indian People\u0027s Theatre Association\u0027 and acted in numerous plays as a lead. In Mumbai he started his career as a writer for TV shows. After working as a \u0027Creative Consultant\u0027...",https://m.media-amazon.com/images/M/MV5BNTlkNmU1N2YtZGI2OC00YjkwLWIxM2MtNTZkMmJkYTQ4YWE1XkEyXkFqcGdeQXVyMjQwMDg0Ng@@._V1_.jpg,Inaamulhaq
48,1967-01-07,"Born Sahabzade Irfan Ali Khan, in Jaipur, Rajasthan (NW India) January 7, 1967 to a Pashto speaking Muslim family. Khan\u0027s mother, Begum Khan, was from the Tonk Hakim family and his father, Jagirdar Khan, from the Khajuriya village near the Tonk district, ran a tire business. The Khan family name comes from Turkish and Mongol languages and mean \",https://m.media-amazon.com/images/M/MV5BNDg3NDgxNzY4NF5BMl5BanBnXkFtZTcwODMxODQzMg@@._V1_.jpg,Irrfan Khan
49,1957-02-01,"Jaikishen was born in the Gujarati-speaking Shroff family on February 1, 1957. His dad\u0027s name is Kakubhai, his brother\u0027s is Hemant, and they live in Bandra, Bombay in a bungalow named \u0027Le Pepeyon\",https://m.media-amazon.com/images/M/MV5BYzczOGViODMtMWY1Yi00ZTAwLTkzZjItYzlmMzU0NmM5YjBmXkEyXkFqcGdeQXVyMjYwMDk5NjE@._V1_.jpg,Jackie Shroff
50,1970-12-03,"Shergill was born in a Sikh family in Gorakhpur, Uttar Pradesh. He moved to Punjab, the place of his ancestors, in 1985 where he studied in Yadavindra Public School, Patiala and Bikram College Patiala. He learnt acting from Sri Harpal Singh, and then moved to Mumbai to work in the entertainment industry. He\u0027s married to Priyanka Puri from Delhi ...",https://m.media-amazon.com/images/M/MV5BMjM2MTc1NTk5OF5BMl5BanBnXkFtZTgwOTI4NDczMDE@._V1_.jpg,Jimmy Sheirgill
51,1942-04-07,"Ravi Kapoor was born in a business family that dealt with imitation Jewelery and used to live in a chawl. While supplying jewelry to V. Shantaram, he was cast as Sandhya\u0027s double in the 1959 movie \u0027Navrang\u0027. His first break as a Bollywood leading man came in \u0027Geet Gaya Patharon Ne\u0027. Although Ravi Kapoor was born on April 7, 1942, Jeetendra birth\u0027s ...",https://m.media-amazon.com/images/M/MV5BYThkMTY3NDktMDBiNy00NWFhLWIyOWEtNGRkNDRiMGJjMjZiXkEyXkFqcGdeQXVyMTExNDQ2MTI@._V1_.jpg,Jeetendra
52,1955-03-03,"Jaspal Bhatti, the most popular social satirist in India, graduated from Punjab Engineering College, Chandigarh in North India, as an electrical engineer. He was famous for his street plays like his My Nonsense Club during his college days. Most of these plays were spoof ridiculing the corruption in the society. Before venturing out in to ...",https://m.media-amazon.com/images/M/MV5BZGQzZDgxNGMtZTdjYy00NzI3LThlOGItNjdmOTc5ZjQwYjcwXkEyXkFqcGdeQXVyNDAzNDk0MTQ@._V1_.jpg,Jaspal Bhatti
53,1957-08-14,"Johnny Lever, born in Andhra Pradesh and was brought up in Mumbai\u0027s King\u0027s Circle area (Dharavi). His mother tongue is Telugu. Johnny studied in Andhra Telugu School till the seventh grade but couldn\u0027t study further because of financial problems in his family, after which he decided to leave school and started working different kinds of odd jobs, ...",https://m.media-amazon.com/images/M/MV5BMjMyMTQzMjk1MV5BMl5BanBnXkFtZTgwMDg5MTMzOTE@._V1_.jpg,Johnny Lever
54,,"Jaswinder Bhalla is an actor and writer, known for Carry on Jatta (2012), Rangeelay (2013) and Jatt Boys Putt Jattan De (2013).",,Jaswinder Bhalla
55,1954-11-07,"Kamal Haasan was born November 7, 1954 in Paramakudi, Tamil Nadu. He debuted as a child artiste in the film \",https://m.media-amazon.com/images/M/MV5BYmUxNTY0MWItODQ2My00YWMyLWFmODgtNTY1MTQ2ZjEwYzdlXkEyXkFqcGdeQXVyMjYwMDk5NjE@._V1_.jpg,Kamal Haasan
56,1987-03-20,"Kangana was born on 20 March 1987 in Bhambla, near Manali, which is in the Mandi district of Himachal Pradesh. Her dad\u0027s name is Amardeep, who is a businessman and contractor, her mom, Asha, is a school-teacher. She has two sisters, eldest one is Rangoli, and she has a brother, Akshit, who is about a year younger than her. Her grandfather was an ...",https://m.media-amazon.com/images/M/MV5BMTA2NTg0ODA1ODJeQTJeQWpwZ15BbWU4MDM0NDkxNTMy._V1_.jpg,Kangana Ranaut
57,1979-12-03,"Konkona Sen Sharma is an awarding winning actress and the daughter of the celebrated actress and director Aparna Sen. Konkona is regarded as one of the most respected actresses in Bollywood with her memorable performances right from Mr. and Mrs. Iyer (2002) to Page 3 (2005), from Omkara (2006) to Life in a Metro (2007). Her singularly exquisite ...",https://m.media-amazon.com/images/M/MV5BMTU1NjUxNDYwNV5BMl5BanBnXkFtZTgwOTU3MDM0OTE@._V1_.jpg,Konkona Sen Sharma
58,1937-12-11,"Kader Khan was born on December 11, 1937 in Pishin, Balochistan, British India. He was an actor and writer, known for Taqdeerwala (1995), Naseeb (1981) and Angaar (1992). He was married to Azra Khan. He died on December 31, 2018 in Mississauga, Ontario, Canada.",https://m.media-amazon.com/images/M/MV5BNWYzY2QzNzUtYmVlYy00MmZjLTgxYjEtNjQyOWI5MzZkMDk4XkEyXkFqcGdeQXVyMTExNDQ2MTI@._V1_.jpg,Kader Khan
59,1966-10-02,"Kay Kay Menon was born on October 2, 1966 in Kerala, India as Krishna Kumar Menon. He is an actor, known for Haider (2014), Black Friday (2004) and Gulaal (2009). He is married to Nivedita Bhattacharya.",https://m.media-amazon.com/images/M/MV5BMTY4MjgwODk4MF5BMl5BanBnXkFtZTgwNzAxNzE0MjE@._V1_.jpg,Kay Kay Menon
60,1974-08-05,"Kajol was born on August 5, 1974 in Bombay, Maharashtra, India as Kajol Mukherjee. She is an actress, known for Kuch Kuch Hota Hai (1998), My Name Is Khan (2010) and Fanaa (2006). She has been married to Ajay Devgn since February 24, 1999. They have two children.",https://m.media-amazon.com/images/M/MV5BMjIwMjQ5MTQ4N15BMl5BanBnXkFtZTgwOTIyMDU0OTE@._V1_.jpg,Kajol
61,1944-10-21,"Kulbhushan Kharbanda was born on October 21, 1944 in Hasan Abdal, Punjab, British India. He is an actor, known for Lagaan: Once Upon a Time in India (2001), Haider (2014) and Hera Pheri (2000).",https://m.media-amazon.com/images/M/MV5BMTQ2ODU1NDM0MF5BMl5BanBnXkFtZTcwNjIzNTE3Mw@@._V1_.jpg,Kulbhushan Kharbanda
62,1983-01-10,Kalki Koechlin was born to French parents in a small village in Pondicherry. Her parents had come to India as hippies in the 1970s and settled there after they fell in love with the country. Her parents are devotees of Sri Aurobindo. Kalki was studying in Ooty when her parents insisted that she attend university. She studied drama and theatre at ...,https://m.media-amazon.com/images/M/MV5BNzI4NDQyMjU2MF5BMl5BanBnXkFtZTgwMzc4ODEzOTE@._V1_.jpg,Kalki Koechlin
63,1981-04-02,"Kapil Sharma is an Indian stand-up comedian, TV anchor and singer.He was selected among top 100 celebrities in 2013 Forbes India magazines and he was ranked 96th in that list. Currently he hosts The Kapil Sharma Show.[2] He also hosted television comedy shows like Comedy Nights with Kapil, The Kapil Sharma Show, Family Time with Kapil, Chhote ...",https://m.media-amazon.com/images/M/MV5BMjE5NzI3NjE1Ml5BMl5BanBnXkFtZTgwNTMxMjMzOTE@._V1_.jpg,Kapil Sharma
64,,"Krishna Abhishek is an actor and producer, known for Bol Bachchan (2012), Jahan Jaaeyega Hamen Paaeyega (2007) and Marrne Bhi Do Yaaron (2019).",https://m.media-amazon.com/images/M/MV5BOWJmNDJkYjEtYmY5ZC00NmY5LTgyNTUtN2FjODQyZGZhNmIzL2ltYWdlXkEyXkFqcGdeQXVyMTExNDQ2MTI@._V1_.jpg,Krishna Abhishek
65,1919-12-25,"Karuna Bannerjee was born on December 25, 1919 in Calcutta, Bengal Presidency, British India. She was an actress, known for Aparajito (1956), Pather Panchali (1955) and Mahakavi Kalidas (1942). She died on November 13, 2001 in Kolkata, West Bengal, India.",https://m.media-amazon.com/images/M/MV5BMTg1MzAzMDg0OV5BMl5BanBnXkFtZTgwMjYzMTI1NTE@._V1_.jpg,Karuna Bannerjee
66,,"Kanwaljit Singh is an actor, known for 15 Park Avenue (2005), Bang Bang (2014) and Saans (1999). He is married to Anuradha Patel.",https://m.media-amazon.com/images/M/MV5BZGRkNmZiYjItYTk5Yy00ODU1LThkNjAtYWQ4OGZjYTMxMDcwXkEyXkFqcGdeQXVyMTExNDQ2MTI@._V1_.jpg,Kanwaljit Singh
67,1978-04-16,"It is not a secret that Lara Dutta is a beauty with brains. This was demonstrated when she scored the highest possible marks in the history of the Miss Universe Contest. After this she was crowned Miss Universe 2000, making history as not only the most beautiful but also the most intelligent young woman to wear this crown in the history of Miss ...",https://m.media-amazon.com/images/M/MV5BNDk2OTk5NjYwNl5BMl5BanBnXkFtZTcwMzMyMDQ4Mg@@._V1_.jpg,Lara Dutta
68,,Manjot Singh is an Indian born actor whose portrayal of young Lucky in Oye Lucky! Lucky Oye! (2008) made him accepted as dynamic sardar actor in Bollywood. Manjot had never acted before getting this first break. Manjot comes from a well educated Sikh family.,https://m.media-amazon.com/images/M/MV5BNWY2N2E4Y2EtOGI2NS00YjkxLTgwMDAtNGU4MTZjN2RiZjAwXkEyXkFqcGdeQXVyMTExNDQ2MTI@._V1_.jpg,Manjot Singh
69,,"Manu Rishi Chadha, one of the finest artists in our industry was born and raised in Delhi. His only dream was to become an actor and hence to hone his skills, he quit college to pursue theatre. He gave 10 years to theatre and eventually decided to move to Mumbai to give a bigger platform to his acting dreams. After a few attempts at acting which ...",https://m.media-amazon.com/images/M/MV5BMmY4YzA5Y2UtYmI2Yi00MzNmLWJmZjQtYTY3YWYyYzBjYWQ3XkEyXkFqcGdeQXVyOTAyMDgxODQ@._V1_.jpg,Manu Rishi Chadha
70,1932-09-29,"Mehmood was born on September 29, 1932 in Bombay, Bombay Presidency, British India. He is known for his work on Bombay to Goa (1972), Do Phool (1974) and Main Sunder Hoon (1971). He died on July 23, 2004 in Pennsylvania, USA.",https://m.media-amazon.com/images/M/MV5BMzI0OWZlOTQtNGJiNS00YzVhLWE1MGQtZGY3ZWUwYWJiOTZiXkEyXkFqcGdeQXVyMTExNDQ2MTI@._V1_.jpg,Mehmood
71,1969-08-24,"Mukesh Tiwari was born on August 24, 1969 in Sagar, Madhya Pradesh, India. He is an actor, known for Dilwale (2015), Gangaajal (2003) and Yehi Hai Zindagi (2005).",https://m.media-amazon.com/images/M/MV5BMjAxNzA0MzkzNl5BMl5BanBnXkFtZTcwNjMyOTM0MQ@@._V1_.jpg,Mukesh Tiwari
72,1951-09-07,"Malayalam film actor Mammootty was born to Ismail (an agriculturist) and Fatima (a homemaker). He had two younger brothers Ibrahim and Zakariah; and three sisters, Ameena, Sauda and Shafina. He did his high school (pre-degree) at Maharaja\u0027s College, Thevara and then studied law at Ernakulam Government Law College. It was during his days at ...",https://m.media-amazon.com/images/M/MV5BOTFjOGIwMmUtY2FlMS00ZWJlLThhOWItY2RmY2JmYTc0YTk5XkEyXkFqcGdeQXVyMjYwMDk5NjE@._V1_.jpg,Mammootty
73,1958-07-03,"Makrand Deshpande was born on July 3, 1958 in India. He is an actor and writer, known for Hanan (2004), Danav (2003) and Company (2002).",https://m.media-amazon.com/images/M/MV5BNDcyOGU3ODctZjZiZi00OWY1LWEzYjktOTIxNTUwMTAyODMzXkEyXkFqcGdeQXVyMjkxNzQ1NDI@._V1_.jpg,Makrand Deshpande
74,1970-06-01,"Madhavan was born on June 1, 1970, in a Tamil-speaking family. At the age of 18 his college entrusted him with the responsibility of representing India as a Cultural Ambassador to Canada. A year later he and three others from his college were sent to Britain as army cadets and received training in the royal army, navy, and Air Force. While conducting...",https://m.media-amazon.com/images/M/MV5BZjQ4NWIwYzYtOTYwZC00ZDI4LWFmYWEtZjhmNTE3ODVhYzJkXkEyXkFqcGdeQXVyOTc1MzM5MA@@._V1_.jpg,Madhavan
75,1960-05-21,"Mohanlal was born to Viswanathan Nair (father) and Santhakumari (mother) in Pathanamthitta district of Kerala, in the southern part of India on 21st May 1960. Starting his career with a classic villain role, he has now become an outstanding actor of Malayalam Cinema in Kerala. Without no doubt, Mohanlal is today\u0027s one of the best actors India has ...",https://m.media-amazon.com/images/M/MV5BYjFjZGRjMWYtZTA5MS00OTZkLWI1MjctNDQ2NmQzMWM1NzRhXkEyXkFqcGdeQXVyMjkxNzQ1NDI@._V1_.jpg,Mohanlal
76,1967-11-02,"Mita Vashisht is an Indian television, film and theater actress, who graduated from National School of Drama, New Delhi in 1987. She was born in Pune, Maharashtra, India to Rajeshwar Dutt Vasisht, a retired Colonel in the Indian Army and Meenakshi Mehta Vasisht, a teacher and musician. She had her post-graduate in literature from Punjab University, ...",https://m.media-amazon.com/images/M/MV5BNGQ4YjkyMzMtM2E4OS00YmMzLWEyY2YtYjY0ZmUzYmEzNzFiXkEyXkFqcGdeQXVyNDUzOTQ5MjY@._V1_.jpg,Mita Vasisht
77,1969-04-23,"Manoj Bajpayee was born on April 23, 1969 in Belwa, Bihar, India. He is known for his work on Gangs of Wasseypur (2012), Satya (1998) and Aks (2001). He has been married to Neha since February 23, 2005.",https://m.media-amazon.com/images/M/MV5BMzUxODk5MmEtZGQxOC00NzUxLWI5YTEtYWFjMjZmZTIwNTA5XkEyXkFqcGdeQXVyMTExNDQ2MTI@._V1_.jpg,Manoj Bajpayee
78,,"Manoj Joshi is an India film and television actor. Joshi began his career in Marathi theatre, also putting up performances in Gujarati and Hindi theatre. He has also acted in over 60 films since 1998, many of his roles being comedic. His earliest well known serials include Chanakya, Ek Mahal Ho Sapno Ka, Rau (Marathi), Sangdil, Kabhi Souten Kabhi ...",https://m.media-amazon.com/images/M/MV5BMDdmMDUzMGUtNjBiYy00ZDdiLTlhZWItYmE3MjNjNGViM2U0XkEyXkFqcGdeQXVyMTExNDQ2MTI@._V1_.jpg,Manoj Joshi
79,1967-05-15,"Madhuri Dixit is one of the most acclaimed actors and Kathak dancers Bollywood have ever witnessed. Born in a Marathi Brahmin Koknastha family to Mr. Shankar and Mrs. Snehlata, Madhuri Dixit has two sisters Rupa, Bharti, and brother Ajit. She performed decently well in her academics and aspired to become a Microbiologist which made her pursue the ...",https://m.media-amazon.com/images/M/MV5BNTk0OTFkZGItYTQxMi00YTUwLTlkMGEtMTIyZDNlNDc0MzRlXkEyXkFqcGdeQXVyMTgzNTY5OTc@._V1_.jpg,Madhuri Dixit
80,1963-02-14,"Mohnish Bahl was born on February 14, 1963 in Bombay, Maharashtra, India. He is known for his work on Hum Aapke Hain Koun...! (1994), Sanjivani: A Medical Boon (2002) and Baaghi: A Rebel for Love (1990). He has been married to Ekta Bahl since 1992. They have two children.",https://m.media-amazon.com/images/M/MV5BZWRlMmFiZWUtYWY3Ni00NDkwLWFlZmQtOWE2NjI2MDUzYTczXkEyXkFqcGdeQXVyMTExNDQ2MTI@._V1_.jpg,Mohnish Bahl
81,1947-06-16,"Mithun Chakraborty was born on June 16, 1947 in Barisal, Bengal Presidency, British India as Gouranga Chakraborti. He is an actor, known for OMG: Oh My God! (2012), Vivekananda (1994) and Guru (2007). He has been married to Yogeeta Bali since July 1982. They have four children. He was previously married to Sridevi and Helena Luke.",https://m.media-amazon.com/images/M/MV5BMjQwNDUxMzY4Ml5BMl5BanBnXkFtZTgwMTgxMTIzOTE@._V1_.jpg,Mithun Chakraborty
82,1958-07-19,"Mukesh Khanna was born on July 19, 1958 in Bombay, State of Bombay, India. He is an actor and producer, known for Mahabharat (1988), Hera Pheri (2000) and Shaktimaan (1997).",https://m.media-amazon.com/images/M/MV5BMTYwNTk2MTk4MF5BMl5BanBnXkFtZTgwODQ1ODA0OTE@._V1_.jpg,Mukesh Khanna
83,1970-11-30,"Mukul Dev was born on November 30, 1970 in Delhi, India. He is an actor and writer, known for 21 Sarfarosh Saragarhi 1897 (2018), Omerta (2017) and Ssshhhh... Koi Hai (2001).",https://m.media-amazon.com/images/M/MV5BODhjYmUzZTctNWY3Yy00ZDBmLTk0NzEtMzg3YzlhYzA0NGI2XkEyXkFqcGdeQXVyMTExNDQ2MTI@._V1_.jpg,Mukul Dev
84,1933-02-14,"Arguably the most beautiful artiste to ever grace the Indian screen, Madhubala rose from humble beginnings to become the most captivating star India has ever produced. Madhubala was born Mumtaz Jehan Begum on Valentine\u0027s Day 1933, in a poor, conservative family of Pathan Muslims in Delhi, a part of a prolific brood of sisters, and entered the world...",https://m.media-amazon.com/images/M/MV5BMTI4MTAzMzc2MV5BMl5BanBnXkFtZTcwMDkyNDAzMQ@@._V1_.jpg,Madhubala
85,1933-08-01,"Born 1933 into a poor Parsee theatre family of Ali Bux and dancer Iqbal begum in Bombay, Maharashtra, India. Entered films to support family in difficult times. She was six when hired for Leatherface (1939) in 1939 by Vijay Bhatt and named Baby Meena. Later she became Meena Kumari when cast for Bhatt\u0027s Baiju Bawra (1952). She did mythological ...",https://m.media-amazon.com/images/M/MV5BMTM2NjQ1Nzg2N15BMl5BanBnXkFtZTcwNDkyNjAzMQ@@._V1_.jpg,Meena Kumari
86,1936-11-11,"Mala Sinha was born on November 11, 1936 in Calcutta, Bengal Presidency, British India as Alda Sinha. She is known for her work on Jahan Ara (1964), Himalay Ki Godmein (1965) and Pyaasa (1957).",https://m.media-amazon.com/images/M/MV5BMWUyNzlkMDEtMGY4My00M2QwLWEzYjktMzk1YjliNDhiYzc5XkEyXkFqcGdeQXVyNDUzOTQ5MjY@._V1_.jpg,Mala Sinha
87,,"Manoj Pahwa is an actor, known for Article 15 (2019), Mulk (2018) and Being Cyrus (2005).",https://m.media-amazon.com/images/M/MV5BMDM4MTY3YzAtYmJlMC00YjdjLTg4YzgtZTJiMzI5NzJjODg2XkEyXkFqcGdeQXVyMTExNDQ2MTI@._V1_.jpg,Manoj Pahwa
88,1937-07-24,"Manoj Kumar was born on July 24, 1937 in Abbottabad, North-West Frontier Province, British India as Harikishen Giri Goswami. He is an actor and writer, known for Roti Kapada Aur Makaan (1974), Upkar (1967) and Shor (1972).",https://m.media-amazon.com/images/M/MV5BMzUxNTM4MzQ4N15BMl5BanBnXkFtZTgwMjY1ODA0OTE@._V1_.jpg,Manoj Kumar
89,1958-03-05,"Nassar is one of the most acclaimed actors in India. He is the current president of South Indian Actors Association. Nassar is well known for Thevar Magan (1992), Bombay (1995), Anbe Sivam (2003) and Nayakan (1987). Nassar was born on 5 March 1958 to Mehaboob Basha and Mumtaz in Chengalpattu, Tamil Nadu. He studied in St. Joseph\u0027s Higher Secondary ...",https://m.media-amazon.com/images/M/MV5BMjA3Njc5NjcwOF5BMl5BanBnXkFtZTcwMTgyOTY0OA@@._V1_.jpg,Nassar
90,1950-07-20,"Naseeruddin Shah was born on July 20, 1950 in Barabanki, Uttar Pradesh, India. He is an actor, known for The League of Extraordinary Gentlemen (2003), A Wednesday (2008) and Jaane Bhi Do Yaaro (1983). He has been married to Ratna Pathak Shah since April 1, 1982. They have three children.",https://m.media-amazon.com/images/M/MV5BMTQ4MDcyOTExOV5BMl5BanBnXkFtZTgwOTQyMDU0OTE@._V1_.jpg,Naseeruddin Shah
91,1969-11-07,"Nandita Das was born on November 7, 1969 in Delhi, India. She is known for her work on Firaaq (2008), Bawandar (2000) and Kannathil Muthamittal (2002). She has been married to Subodh Maskara since January 5, 2010. They have one child. She was previously married to Saumya Sen.",https://m.media-amazon.com/images/M/MV5BMTA2NzUwMTAxMDBeQTJeQWpwZ15BbWU4MDQ0MTEyNTEx._V1_.jpg,Nandita Das
92,1959-08-29,"Nagarjuna did his schooling at Hyderabad Public School and later went to Little Flower Junior College to do his intermediate. After that, he went on to do mechanical engineering at the University of Michigan, Ann Arbor, MI and later got a masters degree in automobile engineering at San Jose State University.",https://m.media-amazon.com/images/M/MV5BMDE5ZTgzN2QtODQzMi00NzYxLWI3ZmMtMzAxNWM0OGM1YjM0XkEyXkFqcGdeQXVyNzc4NzEwNTc@._V1_.jpg,Nagarjuna Akkineni
93,1951-01-01,"Vishwanath Patekar (born on January 1, 1951 in Murud-Janjira, Maharashtra, India) is an actor, writer and filmmaker. He is known for his work on Ab Tak Chhappan (2004), Raajneeti (2010) and Parinda (1989). He made his acting debut in the early 70\u0027s and since then has been nominated for multiple awards. He won a National Film Award and a Filmfare ...",https://m.media-amazon.com/images/M/MV5BMjI4MzQyODYwOF5BMl5BanBnXkFtZTgwMTcxMTIzOTE@._V1_.jpg,Nana Patekar
94,1974-05-19,"Nawazuddin Siddiqui (born 1974) also known as Nowaz is an Indian film actor who has appeared in some of Bollywood\u0027s major films including, Black Friday (2004), New York (2009), Peepli Live (2010), Kahani (2012), Gangs of Wasseypur (2012) and Gangs of Wasseypur - Part 2 (2012). Early life and education Nawazuddin Siddiqui is from Budhana a small town...",https://m.media-amazon.com/images/M/MV5BMTU5NTQwMTI0NV5BMl5BanBnXkFtZTcwNzQyNTgxOA@@._V1_.jpg,Nawazuddin Siddiqui
95,1929-06-01,"She was born on June 1, 1929 as Fatima Rashid in Rawalpindi, British India, daughter to Jaddanbai and Uttamchand Mohanchand, a former Hindu Mohyal Brahmin who converted to Islam as Abdul Rashid. Her mother was a well-known dancer, singer, actor, composer, and director. This is what paved the way for Fatima to become a child artiste (Baby Nargis) ...",https://m.media-amazon.com/images/M/MV5BMTY1NzE0ODkzNl5BMl5BanBnXkFtZTcwMDQ2OTAzMQ@@._V1_.jpg,Nargis
96,1931-01-04,"Kokila was born on January 4, 1931 in Valsad, Gujarat, India, in the Gujarati-speaking Balsara family. She was married to Kamal Roy at a very young age, and shortly thereafter in 1946 both husband and wife decided to make a career on the silver screen. They traveled to Bombay, both applied, but only Kokila was chosen to act in a Gujarati movie, ...",https://m.media-amazon.com/images/M/MV5BNGYxMTdjY2MtMDkzYS00ZGJlLTljZTgtYjlhZGVhYTNhMTE3XkEyXkFqcGdeQXVyNDUzOTQ5MjY@._V1_.jpg,Nirupa Roy
97,1936-06-04,Nutan Samarth was born on June 4 1936 to poet Kumarsen Samarth and his actress wife \u0027Shobhana\u0027 as the eldest of their four children (a younger sister is the actress Tanuja). Her parents separated when she was a small child. 13-year-old Nutan made her debut in K. Asif\u0027s \,https://m.media-amazon.com/images/M/MV5BMTM0MDI4NDIzOV5BMl5BanBnXkFtZTcwNDY1NTAzMQ@@._V1_.jpg,Nutan
98,,"Neeraj is a multiple award winning film and theater actor, best known for his powerful performances in Ship of Theseus and Talvar. He won the Best Actor Awards at the Sakhalin International Film Festival in 2014 and the NBC Newsmakers Achievers\u0027 Awards in 2015. Neeraj is the owner of the renowned theater group Pravah, which he founded in 1996. ...",https://m.media-amazon.com/images/M/MV5BZTJlZWZiMmUtNTQ0MS00NzliLWI3YjAtNzhiNjVhNWQ2MDExXkEyXkFqcGdeQXVyMTExNDQ2MTI@._V1_.jpg,Neeraj Kabi
99,1946-03-18,"Navin Nischol was born on March 18, 1946 in Lahore, Punjab, British India. He was an actor, known for Zorro (1975), Khosla Ka Ghosla! (2006) and Dhund (1973). He was married to Geetanjali Nischol. He died on March 19, 2011 in Mumbai, Maharashtra, India.",https://m.media-amazon.com/images/M/MV5BNzY5NWIxMDItMzZkNi00YzNiLTkyMWQtZDJlNzEwODA2MDNkXkEyXkFqcGdeQXVyMTExNDQ2MTI@._V1_.jpg,Navin Nischol
100,,"Nafisa Ali is an actress, known for Life in a Metro (2007), Big B (2007) and Godfather: The Legend Continues (2007).",https://m.media-amazon.com/images/M/MV5BNDBkYTI0OWMtNmMzOC00MDc5LTgwNGEtZTQ1MGQ2MWViNjAxXkEyXkFqcGdeQXVyNDUzOTQ5MjY@._V1_.jpg,Nafisa Ali
101,1950-10-18,"Om Puri was an Indian actor who has appeared in both mainstream Indian films and art films. His credits also include appearances in British and American films. He has received an honorary OBE. Puri was born in Ambala, Haryana. His father worked on the railways and served in the Indian Army. Puri graduated from the Film and Television Institute of ...",https://m.media-amazon.com/images/M/MV5BMTc4MjA5ODY4NF5BMl5BanBnXkFtZTcwNjUyMDUxMQ@@._V1_.jpg,Om Puri
102,1919-12-19,"Om Prakash was born on December 19, 1919 in Lahore, Punjab, British India as Om Prakash Bakshi. He was an actor and director, known for Dus Lakh (1966), Namak Halaal (1982) and Pyar Kiye Jaa (1966). He died on February 12, 1998 in Mumbai, Maharashtra, India.",https://m.media-amazon.com/images/M/MV5BMWE3OTM3ODMtZGIzZC00YjU3LWIyZmItOGYxNDA3Mzg4NTk3XkEyXkFqcGdeQXVyMTExNDQ2MTI@._V1_.jpg,Om Prakash
103,,"Pankaj Tripathi is an actor, known for Gangs of Wasseypur (2012), Stree (2018) and Newton (2017).",https://m.media-amazon.com/images/M/MV5BNjdlYjllOGMtYzU1OC00ODZjLWEzOGEtMGViOTYyYjU3YmJiXkEyXkFqcGdeQXVyMTExNDQ2MTI@._V1_.jpg,Pankaj Tripathi
104,1920-02-12,"Pran was one of the leading character actors of Indian cinema. He was born on 12 February,1920 at Delhi. Pran was educated at different places namely Kapurthala, Unnao, Meerut, Dehradun and Rampur as his father late Lala Kewal Krishnan Sikand was a Government Civil Contractor for the construction of roads and bridges. Pran started his career by ...",https://m.media-amazon.com/images/M/MV5BMTQ1MDc2Mjc2OF5BMl5BanBnXkFtZTcwMTc1MDU4OQ@@._V1_.jpg,Pran
105,1950-05-30,"Paresh Rawal was born on May 30, 1950 in Bombay, State of Bombay, India. He is a producer and actor, known for Hera Pheri (2000), OMG: Oh My God! (2012) and Hungama (2003). He is married to Swaroop Sampat. They have two children.",https://m.media-amazon.com/images/M/MV5BMjI4Mjg2MjgxMV5BMl5BanBnXkFtZTgwNDYyMTIzOTE@._V1_.jpg,Paresh Rawal
106,1982-07-18,"Priyanka Chopra Jonas (née Chopra) was born on July 18, 1982 in Jamshedpur, India, to the family of Capt. Dr. Ashok Chopra and Dr. Madhu Chopra, both Indian Army physicians. She had a very varied upbringing. She started her education at La Martinière Girls College in Lucknow as a resident student; a short stay at Maria Goretti College in Bareilly ...",https://m.media-amazon.com/images/M/MV5BMjAxNzUwNjExOV5BMl5BanBnXkFtZTcwNDUyMTUxNw@@._V1_.jpg,Priyanka Chopra
107,1965-03-26,"Prakash Raj was born on March 26, 1965 in Bangalore, Mysore State, India as Prakash Rai. He is an actor and producer, known for Anniyan (2005), Kalki (1996) and Un Samayal Arayil (2014).",https://m.media-amazon.com/images/M/MV5BMjQ2MjA4NjU0MF5BMl5BanBnXkFtZTgwMTgwMDMzOTE@._V1_.jpg,Prakash Raj
108,1979-10-23,"Prabhas was born to late U. Suryanarayana Raju and Siva Kumari. His family is from Mogalturu village and later moved to bhimavaram in West Godavari district, Andhra Pradesh. He is the youngest of three children, with an elder brother Pramod Uppalapati and sister Pragathi. He is the nephew of Telugu actor Uppalapati Krishnam Raju",https://m.media-amazon.com/images/M/MV5BMjliZmI3YmMtYWU1NS00MjVlLTkxZTQtYjIzYzFkNWNjOTZkXkEyXkFqcGdeQXVyMjYwMDk5NjE@._V1_.jpg,Prabhas
109,1954-05-29,"Pankaj Kapur the acclaimed film, television and stage actor signified the young crop of great actors of which Om Puri, Naseeruddin Shah and Ifran Khan formed a part. Unlike his other counterparts Kapur hasn\u0027t broken the vow to work only in good Art and Independent projects. A perfect actor Pankaj Kapur did his engineering from New Delhi topping ...",https://m.media-amazon.com/images/M/MV5BZTY2NjI0ZjYtMDM2My00ZjE1LWFiNmQtYWI3OGY2NDgwNTE3XkEyXkFqcGdeQXVyMTExNDQ2MTI@._V1_.jpg,Pankaj Kapur
110,,"Prabhu Deva was born as Prabhu Sundaram. He is known for his work on Lakshya (2004), Wanted (2009) and Dabangg 3 (2019). He was previously married to Ramlath.",https://m.media-amazon.com/images/M/MV5BMTY4MzAyODE3NV5BMl5BanBnXkFtZTcwMjM3Mjc4OQ@@._V1_.jpg,Prabhu Deva
111,1935-09-23,Prem Chopra is an actor in Hindi and Punjabi films. Prem Chopra was born to a Hindu Punjabi family in Lahore on 23 September 1935 to Ranbirlal and Rooprani Chopra. He was third of six children.His father worked at the attorney-general\u0027s office. He was brought up in Shimla. His father wanted him to be a IAS officer but Chopra pursued performing ...,https://m.media-amazon.com/images/M/MV5BM2U2OTEzM2UtMjhlNC00NTYxLWI5MDItM2RjYzNhYmNhYWFmXkEyXkFqcGdeQXVyMTExNDQ2MTI@._V1_.jpg,Prem Chopra
112,1972-02-24,"Pooja was born on February 24, 1972 in the Gujarati-speaking Bhatt family. Her dad\u0027s name is Mahesh, and her mom\u0027s maiden name was Loraine Bright. After the marriage, her mother changed her name to Kiran Bhatt. Mahesh separated from Loraine and re-married Soni Razdan, an actress in her own right. The Bhatts live in Bandra, Bombay. She has two ...",https://m.media-amazon.com/images/M/MV5BNTkxOTIwNzYxMl5BMl5BanBnXkFtZTgwMDE5OTczOTE@._V1_.jpg,Pooja Bhatt
113,1958-07-02,"Pavan Malhotra was born on July 2, 1958 in Delhi, India. He is an actor, known for Bhaag milkha bhaag (2013), Don (2006) and Black Friday (2004). He is married to Aparnaa Malhotra.",https://m.media-amazon.com/images/M/MV5BNDlkYzllMDktZDk5OC00NWM5LTgzM2ItMmYxYTM4ZmMwODQ4XkEyXkFqcGdeQXVyMTExNDQ2MTI@._V1_.jpg,Pavan Malhotra
114,,"Piyush Mishra, is an Indian film actor, music director ,lyricist, singer, script and dialogue writer, and a well known theatre director and Hindi playwright. He spent his early life in Gwalior, where he received his education. Theater and television After his graduation from National School of Drama (NSD), New Delhi in 1986, Piyush Mishra started ...",https://m.media-amazon.com/images/M/MV5BMDc5MGFlZTMtMmQ1Zi00YjkxLWE3ZGItZGNkNTExYjJhNGFhXkEyXkFqcGdeQXVyMTExNDQ2MTI@._V1_.jpg,Piyush Mishra
115,,"Prashant Narayanan is an actor and assistant director, known for Fredrick (2016), Schatten der Zeit (2004) and Waisa Bhi Hota Hai Part II (2003).",https://m.media-amazon.com/images/M/MV5BNjFlYjBjY2ItMGIxMi00ZTAzLThhMmEtM2M2NDk0OWViYmFlXkEyXkFqcGdeQXVyMTExNDQ2MTI@._V1_.jpg,Prashant Narayanan
116,,"Rahul Dev was born as Rahul Dev Kaushal. He is an actor, known for Champion (2000), Footpath (2003) and Asoka (2001).",https://m.media-amazon.com/images/M/MV5BZjQxMTRhNzktZmM4OS00ZmZlLTkxYzYtMmI1ZWMzNTFmMTdkXkEyXkFqcGdeQXVyMTExNDQ2MTI@._V1_.jpg,Rahul Dev
117,1967-07-27,"Rahul Bose was born on July 27, 1967 in India. He is an actor and writer, known for Everybody Says I\u0027m Fine! (2001), Split Wide Open (1999) and Poorna (2017).",https://m.media-amazon.com/images/M/MV5BMjE2MjY2ODY4N15BMl5BanBnXkFtZTgwNDcwMTE0OTE@._V1_.jpg,Rahul Bose
118,1954-10-10,"Bhanurekha was born in the Tamil-speaking Ganesan household on October 10, 1954. Her dad was the popular Tamil actor, Gemini, while her mom was a popular Telugu actress, Pushpavalli. She has seven sisters and one brother. One of her sisters is Dr. Kamala Selvaraj, while another one, Radha, lives in San Francisco with a son named Naveed, who is ...",https://m.media-amazon.com/images/M/MV5BNjU2MDU4NzI5OF5BMl5BanBnXkFtZTcwNjQ4Njg5Nw@@._V1_.jpg,Rekha
119,1963-03-18,"Ratna Pathak Shah was born on March 18, 1963 in Bombay, Maharashtra, India. She is an actress, known for Jaane Tu... Ya Jaane Na (2008), Kapoor \u0026amp; Sons (2016) and Lipstick Under My Burkha (2016). She has been married to Naseeruddin Shah since April 1, 1982. They have three children.",https://m.media-amazon.com/images/M/MV5BMjQwMzc5NDQ0NF5BMl5BanBnXkFtZTgwNDg1ODA0OTE@._V1_.jpg,Ratna Pathak Shah
120,1929-07-20,"Rajendra was born in the Punjabi-speaking Tuli family on July 12, 1929, in Sialkot, British India (now located in Pakistan). After the turbulent years of partition, at the age of 21, Rajendra got his first break in \u0027Jogan\u0027 during 1950. He attained fame in \u0027Mother India\u0027 during 1957, playing the son of Nargis Dutt. He went on to star in many movies, ...",https://m.media-amazon.com/images/M/MV5BMTYwY2Y5ZWUtOGMxZC00ZDZlLWEzNGUtYmJkMGU3YTNhNWE3XkEyXkFqcGdeQXVyMTExNDQ2MTI@._V1_.jpg,Rajendra Kumar
121,1961-02-11,"Rajat Kapoor was born on February 11, 1961 in New Delhi, India. He is an actor and director, known for Raghu Romeo (2003), Ankhon Dekhi (2013) and Bheja Fry (2007).",https://m.media-amazon.com/images/M/MV5BNDBlM2ZiZmEtYzYyMC00ZWNlLTkxMzQtOGFlMzgxZDg5NjdhXkEyXkFqcGdeQXVyMTExNDQ2MTI@._V1_.jpg,Rajat Kapoor
122,1982-09-28,"Son of Rishi Kapoor and Neetu Singh; nephew of actors Randhir Kapoor, Rajiv Kapoor, Kunal Kapoor. Grandnephew of actors Shashi Kapoor, Jennifer Kendal, Shammi Kapoor, Geeta Bali; cousin of actresses Kareena Kapoor, Karisma Kapoor. Belongs to the fourth generation of highly prestigious and considered to be the first family of Bollywood (Hindi film ...",https://m.media-amazon.com/images/M/MV5BMTk2ODU5Mjk2MV5BMl5BanBnXkFtZTcwODEzNDg3OA@@._V1_.jpg,Ranbir Kapoor
123,1957-06-25,"Raghuvir Yadav was born on June 25, 1957 in Jabalpur, Madhya Pradesh, India. He is known for his work on Dil Se.. (1998), Lagaan: Once Upon a Time in India (2001) and Peepli (Live) (2010).",https://m.media-amazon.com/images/M/MV5BNTIzOWZhMjctNTBkMi00YTc0LThhOGYtMDFlZmI4ZmNkZTZiXkEyXkFqcGdeQXVyMTExNDQ2MTI@._V1_.jpg,Raghuvir Yadav
124,,Raj Kumar is also known as Rajkummar Rao. He was born in Gurgaon. He finished his schooling in Gurgaon and graduated in Arts from Delhi University. He was simultaneously doing theatre with Kshitij Repertory and SRC in Delhi. He is an Acting graduate from Pune\u0027s Film and Television Institute of India. Raj Kumar\u0027s debut film was Dibakar Banerjee\u0027s ...,https://m.media-amazon.com/images/M/MV5BMzAxNWIzOWItMDM1NC00NGMyLWIwMDEtNWZjODEyOTFiZjQ4XkEyXkFqcGdeQXVyNjY1MTg4Mzc@._V1_.jpg,Rajkummar Rao
125,1966-07-08,"Revathy was born on July 8, 1966 in Kochi, Kerala, India as Asha Kelunni. She is an actress and director, known for Thevar Magan (1992), Kizhakku Vasal (1990) and Man Vasanai (1983). She was previously married to Menon, Suresh.",https://m.media-amazon.com/images/M/MV5BZjc4NTAwMmQtMWQyMS00NGU4LWEzNmYtZTMyODJhOGZjMGRiXkEyXkFqcGdeQXVyNDUzOTQ5MjY@._V1_.jpg,Revathy
126,1926-10-08,"Raaj Kumar was born on October 8, 1926 in Loralai, Baluchistan, British India as Kulbhushan Pandit. He is known for his work on Kaajal (1965), Waqt (1965) and Dil Ek Mandir (1963). He died on July 3, 1996 in Mumbai, Maharashtra, India.",https://m.media-amazon.com/images/M/MV5BZjNlMTdhYjYtODI0My00OTA2LTlkM2QtMGU5N2RhNWVlMWVjXkEyXkFqcGdeQXVyMTExNDQ2MTI@._V1_.jpg,Raaj Kumar
127,1970-09-15,"Ramya Krishnan was born on September 15, 1970 in Madras, Tamil Nadu, India. She is an actress, known for B\u0026atilde;hubali: The Beginning (2015), Baahubali 2: The Conclusion (2017) and Padaiyappa (1999). She has been married to Krishna Vamsi since July 11, 2003. They have one child.",https://m.media-amazon.com/images/M/MV5BZThmMmJlZGQtZDgyMy00YmIyLTk1NDQtMGQ0N2EzYzUxMWNiXkEyXkFqcGdeQXVyMjYwMDk5NjE@._V1_.jpg,Ramya Krishnan
128,1950-12-12,"Rajinikanth has been a megastar in the Tamil movie industry since the 70s. He is one of the highest earning actors in Asia. Primarily starring in Tamil movies, he has also worked in Hindi, Telugu, Kannada, and American movies. He was born in Bangalore (India), and was employed as a bus conductor before he joined the Madras Film Institute. He made ...",https://m.media-amazon.com/images/M/MV5BMTA3MDcyNzkxMjZeQTJeQWpwZ15BbWU3MDUxMTU4Njg@._V1_.jpg,Rajinikanth
129,1978-03-21,"Mukerji comes from a film-oriented family of Bengali origin. Her father, Ram Mukherjee, is a retired director and one of the founders of \",https://m.media-amazon.com/images/M/MV5BMjI4MjI2MTEwOV5BMl5BanBnXkFtZTgwMzkxMDU0OTE@._V1_.jpg,Rani Mukerji
130,1985-07-06,"Ranveer Singh is an Indian actor working in Bollywood. Born in Mumbai, India, Ranveer Singh had always wanted to be an actor since his childhood. However, during his college days he felt that the idea of acting was far-fetched and focused on creative writing. While pursuing his Bachelor of Arts degree from Indiana University (Bloomington), Singh ...",https://m.media-amazon.com/images/M/MV5BMTExOTcwMDU4NTReQTJeQWpwZ15BbWU3MDA0MjE1MTc@._V1_.jpg,Ranveer Singh
131,1952-09-04,"Born in south Mumbai, Kapoor is the second son of film director and actor Raj Kapoor. He did his schooling with his brothers at Campion School,Mumbai. His brothers are well-known actors, Randhir Kapoor and Rajiv Kapoor. Rishi Kapoor debuted in his father\u0027s 1970 film Mera Naam Joker, playing his father\u0027s role as a child. Rishi Kapoor had his first ...",https://m.media-amazon.com/images/M/MV5BMjJmNjM1YmUtNTA2Zi00Y2U0LTgyZTItMjQ5MTE4NWJhMDgyXkEyXkFqcGdeQXVyMTExNDQ2MTI@._V1_.jpg,Rishi Kapoor
132,1942-12-29,"Rajesh Khanna, the first superstar of Indian and Hindi Cinema with 74 Golden Jubilee Hits - (which includes 48 Platinum Jubilee hits and 26 Golden Jubilee Hits) \u0026 in addition had 22 Silver Jubilee Hits and 9 average hits, was born on 29 December 1942 in Amritsar, Punjab, India.Rajesh entered Hindi films in the year 1965 when he began shooting for ...",https://m.media-amazon.com/images/M/MV5BMTQ1OTE5NDEwNV5BMl5BanBnXkFtZTcwNjgzMTcxOA@@._V1_.jpg,Rajesh Khanna
133,1958-12-10,"Raghuvaran was born on December 10, 1958 in Kollankod, Palakkad, Kerala, India as Raghuvaran Velayutham Nair. He was an actor, known for Mudhalvan (1999), Amarkalam (1999) and Kadhalan. He was married to Rohini. He died on March 19, 2008 in Chennai, Tamil Nadu, India.",https://m.media-amazon.com/images/M/MV5BZjM0NmMyZTYtYmY3My00NDFkLTk1YTAtOGE3YTVjMGMyNzQ5XkEyXkFqcGdeQXVyMjYwMDk5NjE@._V1_.jpg,Raghuvaran
134,1952-06-23,"Raj Babbar was born on June 23, 1952 in Tundla, Uttar Pradesh, India. He is an actor, known for Pukaar (2014), Aaj Ki Awaz (1984) and Umrao Jaan (1981). He is married to Nadira Babbar. They have two children. He was previously married to Smita Patil.",https://m.media-amazon.com/images/M/MV5BMTQ1MjEwMjM3MF5BMl5BanBnXkFtZTgwNjM4NDczMDE@._V1_.jpg,Raj Babbar
135,1924-12-14,"Raj Kapoor was the son of well-known Indian actor Prithviraj Kapoor, who acted both in film and on stage. After apprenticing in the Bollywood production studios of the 1940\u0027s, at 24 years of age Raj Kapoor produced, directed and acted in Aag (1948), with his new company, RK Films. His next production, Barsaat (1949), was a smash hit. In 1951, he ...",https://m.media-amazon.com/images/M/MV5BNjYwODQzMjk3Ml5BMl5BanBnXkFtZTYwNzIxMjky._V1_.jpg,Raj Kapoor
136,1960-05-22,"Rajit Kapoor was born on May 22, 1960 in Amritsar, Punjab, India. He is an actor and director, known for The Making of the Mahatma (1996), Uri: The Surgical Strike (2019) and Suraj Ka Satvan Ghoda (1992).",https://m.media-amazon.com/images/M/MV5BZDhlNDEwMjgtMWY5NC00MGEyLThhODEtZjAyYzIyMmU1ZDUxXkEyXkFqcGdeQXVyMTExNDQ2MTI@._V1_.jpg,Rajit Kapoor
137,,"Radhika Apte is a well-known Indian theatre and film actress born in Vellore and brought up in Pune. Before endeavoring into films, she began with theatre. Radhika Apte is a perfect example of beauty with brains. Apte is an Economics and Mathematics graduate from Fergusson College, Pune. Apte during her growing up days in Pune, she learned Kathak ...",https://m.media-amazon.com/images/M/MV5BZmQ0NjY5YmItMTAwOC00MWVlLThkZTgtYmZhMDg1ZjY2ODMwXkEyXkFqcGdeQXVyNjM5MTI3ODQ@._V1_.jpg,Radhika Apte
138,1947-08-15,"Rakhee was born in a Bengali-speaking family in West Bengal, on India\u0027s Independence Day - 15th August, 1947. She has no connections with anyone in the film industry in India. She achieved phenomenal success at her very first movie in Bengali \u0027Bandhu Baran\u0027 during the year 1967. She was then noticed by noted Bollywood actor, Sunil Dutt, who ...",https://m.media-amazon.com/images/M/MV5BMDVlNTM4YTUtNjA2My00OWQ0LThjYzAtYmU0ZGQ0NGE3YjQ1XkEyXkFqcGdeQXVyNDUzOTQ5MjY@._V1_.jpg,Rakhee Gulzar
139,1978-12-17,"Riteish Deshmukh is an Indian actor, producer and architect who appears in Bollywood films. He is the son of Late. Vilasrao Deshmukh, the former Union Minister for Science, Technology and Earth Sciences, Government of India, and the former Chief Minister of Maharashtra. Riteish debuted with K. Vijaya Bhaskar\u0027s Tujhe Meri Kasam (2003) with his ...",https://m.media-amazon.com/images/M/MV5BMTU3NDM3NDM3Ml5BMl5BanBnXkFtZTgwMzk4ODEzOTE@._V1_.jpg,Riteish Deshmukh
140,1972-08-18,"Ranvir comes from a family of movie professionals. His father is Writer, Producer and Director KD Shorey and He has 2 older Brothers, Lokesh Shorey an actor and Shrinath Shorey a movie Writer and Director. Ranvir though born in Panjab, was raised and educated in Mumbai. He was very active in dramatics in school and later in college.",https://m.media-amazon.com/images/M/MV5BMTIzOTE5MzMyMl5BMl5BanBnXkFtZTcwMjAyNzAyMg@@._V1_.jpg,Ranvir Shorey
141,,"Richa began her career as a model and then she moved to theater. She has performed plays touring in India and Pakistan. Later, she also received her training under Barry John Richa acted in the critically acclaimed movie Oye Lucky! Lucky Oye! as the character of Dolly, both the movie and her role were well appreciated. She was cast by Anurag ...",https://m.media-amazon.com/images/M/MV5BOTQ3MzVkNjUtODYwNi00N2Q2LTg3YTAtNDUxM2JiNDViN2IyXkEyXkFqcGdeQXVyNDUzOTQ5MjY@._V1_.jpg,Richa Chadha
142,1971-03-16,"Rajpal Yadav was born on March 16, 1971 in Shahjahanpur, Uttar Pradesh, India. He is an actor and writer, known for Kal ho naa ho (2003), Jungle (2000) and Main, Meri Patni... Aur Woh! (2005). He has been married to Radha Yadav since June 10, 2003.",https://m.media-amazon.com/images/M/MV5BMTQ3MTI4MzUyNl5BMl5BanBnXkFtZTgwMjAzMTMzOTE@._V1_.jpg,Rajpal Yadav
143,1963-12-25,"Raju Srivastav (born Satyaprakash Srivastava) often credited as Raju Shrivastav or Raju Srivastava, is an Indian comedian, and more popularly, an observational comedian. He is known most for his acute scrutiny and comical timing about various Indian aspects of life. Satyaprakash Srivastava was born in Kanpur, India in a middle class Kayastha family...",https://m.media-amazon.com/images/M/MV5BZjc5MTYwYjEtZmJiMC00YzA3LThiZGYtMWY2NjE2ZDNmYWFjXkEyXkFqcGdeQXVyNDUzOTQ5MjY@._V1_.jpg,Raju Srivastava
144,1976-08-20,"Randeep Hooda was born in a small village called Daseya in the Rohtak district of Haryana. His mother, Asha Hooda, is a BJP politician and his father is a surgeon by profession. He did schooling from Delhi Public School before moving to Australia for higher studies. He is Bachelors in Marketing \u0026 Human Resource Management. He made his film debut in...",https://m.media-amazon.com/images/M/MV5BMjk4NjkxNTkxMl5BMl5BanBnXkFtZTgwMzUwNDA3NDE@._V1_.jpg,Randeep Hooda
145,,"Sanjay Mishra is known for his work on Masaan (2015), Dilwale (2015) and Ankhon Dekhi (2013).",https://m.media-amazon.com/images/M/MV5BMTM0OTU2NDYyNl5BMl5BanBnXkFtZTYwNTYyNDgy._V1_.jpg,Sanjay Mishra
146,1950-09-18,"One of the leading lights of the now-largely-defunct Indian New Wave, Shabana Azmi (alongside the late Smita Patil) was one of the main female actors who dominated the films of the so-called \",https://m.media-amazon.com/images/M/MV5BMTQ1NTE0NDgxMl5BMl5BanBnXkFtZTYwNzMyODEz._V1_.jpg,Shabana Azmi
147,1952-09-03,Shakti Kapoor is one of the most comic actors to grace the Bollywood screen. Since the start of his career he has done more than 300 films. He had been often nominated for the Filmfare Award in the most comic performance category. His on-screen pairing with another comic actor Kader Khan as the latter\u0027s son has often led to laughable comedies. ...,https://m.media-amazon.com/images/M/MV5BMTY2MDE1MTQ2N15BMl5BanBnXkFtZTgwNTk2OTczOTE@._V1_.jpg,Shakti Kapoor
148,1970-08-16,"Saif is the son of Bollywood actress, Sharmila Tagore, and Indian cricketer, Mansoor Ali Khan. Both his grandfather, Iftikhar Ali Khan Pataudi, and father were professional cricketers. His mother, Sharmila Tagore, an actress within her own rights. He has two sisters, Bollywood actress Soha Ali Khan, and fashion designer Saba Ali Khan. Saif studied ...",https://m.media-amazon.com/images/M/MV5BMTUyNjI2NTg3M15BMl5BanBnXkFtZTcwNDEzNDg3OA@@._V1_.jpg,Saif Ali Khan
149,1965-11-02,"Shahrukh Khan was born on 2 November 1965 in New Delhi, India. He married Gauri Khan on 25 October 1991. They have three children, son Aryan Khan (b. 1997), son AbRam (b.2013) and daughter Suhana (b. 2000). Khan started out his career by appearing in several television serials during 1988-1990. He made his film debut with the commercially ...",https://m.media-amazon.com/images/M/MV5BZDk1ZmU0NGYtMzQ2Yi00N2NjLTkyNWEtZWE2NTU4NTJiZGUzXkEyXkFqcGdeQXVyMTExNDQ2MTI@._V1_.jpg,Shah Rukh Khan
150,1930-06-06,"Actor, social activist and politician. Sunil Dutt wore many hats and excelled in a plethora of roles that came his way - both on and off screen. Born on June 6th, 1929, Sunil Dutt grew up as Balraj Dutt in a family that had survived the Partition of India. A student of Mumbai\u0027s Jai Hind college, he first started off as radio show host and celebrity ...",https://m.media-amazon.com/images/M/MV5BNzM0OTA3MDAxN15BMl5BanBnXkFtZTgwMzg2OTczOTE@._V1_.jpg,Sunil Dutt
151,1979-04-28,"Sharman Joshi was born on April 28, 1979 in Bombay, Maharashtra, India. He is an actor, known for 3 Idiots (2009), Rang De Basanti (2006) and Golmaal: Fun Unlimited (2006). He has been married to Prerna Chopra since 2000. They have three children.",https://m.media-amazon.com/images/M/MV5BYWE5MWNkYWQtZTZjZS00N2U0LTgzNzMtNzZkMzJmMWYzZWNkXkEyXkFqcGdeQXVyMTExNDQ2MTI@._V1_.jpg,Sharman Joshi
152,1938-03-18,"Shashi Kapoor is one of the leading actors of Indian cinema having appeared in 160 movies - 12 in English and 148 in Hindi. He has appeared in 148 Hindi films - of them played the solo lead hero in 61 films, was lead hero in 53 released multi star cast Hindi films, 2 unreleased multi star film and 21 Hindi films had him in supporting role, worked ...",https://m.media-amazon.com/images/M/MV5BNTcyNDUwNzEzNl5BMl5BanBnXkFtZTgwOTMxMjMzOTE@._V1_.jpg,Shashi Kapoor
153,1955-10-17,"Smita Patil was born on October 17, 1955 in Pune, State of Bombay, India. She was an actress, known for Bhumika (1977), Aaj Ki Awaz (1984) and Mirch Masala (1987). She was married to Raj Babbar. She died on December 13, 1986 in Bombay, Maharashtra, India.",https://m.media-amazon.com/images/M/MV5BMTU3MTUyMjI4OF5BMl5BanBnXkFtZTgwNDgxNzE4MDE@._V1_.jpg,Smita Patil
154,1945-04-19,"Surekha Sikri was born on April 19, 1945 in New Delhi, British India. She is an actress, known for Badhaai ho (2018), Balika Vadhu (2008) and Dev.D (2009).",https://m.media-amazon.com/images/M/MV5BYzI0NGU4NDQtMjZiZS00Mjc2LTk3Y2ItY2NhYmYwOTEyZjQyXkEyXkFqcGdeQXVyNDUzOTQ5MjY@._V1_.jpg,Surekha Sikri
155,1979-04-28,"Sharman Joshi was born on April 28, 1979 in Bombay, Maharashtra, India. He is an actor, known for 3 Idiots (2009), Rang De Basanti (2006) and Golmaal: Fun Unlimited (2006). He has been married to Prerna Chopra since 2000. They have three children.",https://m.media-amazon.com/images/M/MV5BYWE5MWNkYWQtZTZjZS00N2U0LTgzNzMtNzZkMzJmMWYzZWNkXkEyXkFqcGdeQXVyMTExNDQ2MTI@._V1_.jpg,Sharman Joshi
156,,"Born Shashank Sunny Arora in New Delhi, India, on February 21, 1989, Shashank Arora was interested in music and theatre from a young age. After finishing high school in early 2006, he left for Montreal, Canada to study cinema and music. While there, he briefly joined a street theatre group formed by human rights activists. In 2008, he moved to ...",https://m.media-amazon.com/images/M/MV5BMTcxODc3NzkxOF5BMl5BanBnXkFtZTgwMzUwOTU3MTE@._V1_.jpg,Shashank Arora
157,1976-01-27,"Shreyas Talpade was born on January 27, 1976 in Bombay, Maharashtra, India. He is an actor and director, known for Om Shanti Om (2007), Iqbal (2005) and Dor (2006).",https://m.media-amazon.com/images/M/MV5BMjZhOTQzNTEtNGY4NS00ZmQxLThkMDEtM2M4NDVjMjc0MWNlXkEyXkFqcGdeQXVyMTExNDQ2MTI@._V1_.jpg,Shreyas Talpade
158,,"Shernaz Patel is an actress, known for Black (2005), Guzaarish (2010) and Talaash (2012).",https://m.media-amazon.com/images/M/MV5BNTBjN2U2MTgtZjhhMC00YjE4LWI5ODQtN2EwYmJhNTU4MDdkXkEyXkFqcGdeQXVyMTExNDQ2MTI@._V1_.jpg,Shernaz Patel
159,1965-01-14,"Seema Biswas was born on January 14, 1965 in Nalbari, Assam, India. She is an actress, known for Bandit Queen (1994), Water (2005) and Company (2002).",https://m.media-amazon.com/images/M/MV5BMTczMTgyOTkyOV5BMl5BanBnXkFtZTYwNTQ1MDA0._V1_.jpg,Seema Biswas
160,1965-03-14,"Sachin Khedekar was born on March 14, 1965 in Mumbai, Maharahstra, India. He is known for his work on 13B: Fear Has a New Address (2009), Netaji Subhas Chandra Bose: The Forgotten Hero (2005) and Maattrraan (2012). He has been married to Jalpa Khedekar since December 19, 1993. They have two children.",https://m.media-amazon.com/images/M/MV5BOThiMjlmYzYtNmQ3NC00YzUyLWE4MmUtMjEzMWQxNjMyZmVlXkEyXkFqcGdeQXVyMTExNDQ2MTI@._V1_.jpg,Sachin Khedekar
161,1957-10-19,Ajay Singh Deol popularly known as Sunny Deol was born to actor Dharmendra and Prakash Kaur. Sunny began acting with super hit film Betaab (1983) which was a love story also featuring another new comer Amrita Singh; this film was a major success and then he goes on making films which portrayed him as Bollywood\u0027s best action hero. There is Arjun (...,https://m.media-amazon.com/images/M/MV5BMjEwOTA2MjMwMl5BMl5BanBnXkFtZTcwODc3MDgxOA@@._V1_.jpg,Sunny Deol
162,,"Sudesh Lehri is an actor, known for Jai Ho (2014), Ready (2011) and Dard Pardesaan De (2000).",https://m.media-amazon.com/images/M/MV5BNjVhOGZjYzEtM2Y3MS00OTAyLTg5Y2QtZTQzMDVkZWQyYTI2L2ltYWdlXkEyXkFqcGdeQXVyMTExNDQ2MTI@._V1_.jpg,Sudesh Lehri
163,1935-01-19,"Soumitra Chatterjee was born on January 19, 1935 in Krishnanagar, Bengal Presidency, British India as Soumitra Chattapadhaya. He is an actor, known for Apur Sansar (1959), Aranyer Din Ratri (1970) and Podokkhep (2006). He is married to Deepa Chatterjee.",https://m.media-amazon.com/images/M/MV5BMjI5Mjk4NDc3Ml5BMl5BanBnXkFtZTgwMjczMTI1NTE@._V1_.jpg,Soumitra Chatterjee
164,1929-01-08,"Saeed Jaffrey was born in Maler Kotla, Punjab, India. He was born on the 8th of January 1929. He attended University of Allahabad where he completed his post-graduate degree in history. He also attended the Staff Training Institute of All India Radio. He started his career in drama, as the founder of his own English theatre company called the ...",https://m.media-amazon.com/images/M/MV5BMTU4NTAzNTIxMl5BMl5BanBnXkFtZTcwMjkyNzg5Nw@@._V1_.jpg,Saeed Jaffrey
165,1928-10-01,"Tamil superstar from a poor family in Tamil Nadu, India. His father worked on the railways. On the day of his birth his father, Chiniah Pillai, follower of Mahatma Gandhi, was jailed for participating in the Independence movement in Nellikuppam (Tamil Nadu, India). He was frequently in and out of jail, and was raised by his mother, Rajamani Ammal. ...",https://m.media-amazon.com/images/M/MV5BMmI2Nzk4NWQtOTAxNi00ZTIxLTljNDktZDJlZDQ2NDRiODJjXkEyXkFqcGdeQXVyMjYwMDk5NjE@._V1_.jpg,Shivaji Ganesan
166,1946-12-08,"A Bengali actress who achieved success young, Sharmila appeared in numerous Bengali classics before making the jump to Hindi cinema, which first made her a romantic actress and later a legendary actress thanks to her intense films opposite Superstar Rajesh Khanna. A distant relative of poet Rabindranath Tagore, she is also the wife of His Highness...",https://m.media-amazon.com/images/M/MV5BMTg4Njc5MzUzNF5BMl5BanBnXkFtZTgwOTYzMTI1NTE@._V1_.jpg,Sharmila Tagore
167,,"Sheeba Chaddha was born in 1972 in Delhi, India. She is an actress, known for Talaash (2012), Dil Se.. (1998) and Gully Boy (2019).",https://m.media-amazon.com/images/M/MV5BNzc0NWJjMjQtM2VhOC00MDAxLWE5ZjItZTNlZDFkYjE1YjE0XkEyXkFqcGdeQXVyNDUzOTQ5MjY@._V1_.jpg,Sheeba Chaddha
168,1963-08-13,"Sridevi was born on August 13, 1963 in her father\u0027s hometown of Sivakasi, Tamil Nadu, India. Her mother was from Tirupati, Andhra Pradesh. So Sridevi grew up speaking Telugu and Tamil. She has a sister named Srilatha and a stepbrother named Satish. Her dad passed away during the year 1991, while her mom died during 1997. She started her career at a...",https://m.media-amazon.com/images/M/MV5BMTQyMjg4Mzk2M15BMl5BanBnXkFtZTcwMjE0MTg2OA@@._V1_.jpg,Sridevi
169,1965-12-27,"Born on December 27, 1965 Salman Khan is the son of the legendary writer Salim Khan, who penned many super-hits in the yesteryear\u0027s like Sholay (1975), Deewaar (1975), and Don (1978). Salman started his acting carrier in 1988 by doing a supporting role in the movie Biwi Ho To Aisi (1988). The following year he had the leading role in the box ...",https://m.media-amazon.com/images/M/MV5BMjMwNTIxODg0OF5BMl5BanBnXkFtZTgwODg2NzM0OTE@._V1_.jpg,Salman Khan
170,1963-03-05,"Shukla\u0027s family left Gorakhpur for Delhi when he was two years old. After completing his schooling, he graduated from Khalsa College, Delhi. His professional career began in 1984 with his entry into theater. Shukla began serious theater in 1986 with roles in plays like A View From The Bridge (Arthur Miller), Look Back In Anger (John Osborne), ...",https://m.media-amazon.com/images/M/MV5BMTYzMTczOTM2Ml5BMl5BanBnXkFtZTYwNzE4Mzgy._V1_.jpg,Saurabh Shukla
171,1959-07-29,"Sanjay Dutt, son of Nargis and Sunil Dutt, was first featured in Rocky (1981), the movie was a box office hit. Sanjay\u0027s personal life was exacerbated by drug problems, and he later lost his wife Richa Sharma, to cancer. He was also arrested for having illegal weapons, and was imprisoned. After his release, he appeared in three consecutive hits; ...",https://m.media-amazon.com/images/M/MV5BNzU2NTgwNzY1OF5BMl5BanBnXkFtZTcwMjQxNzcxOA@@._V1_.jpg,Sanjay Dutt
172,1938-07-09,Harihar Jariwala a.k.a. Sanjeev Kumar was born in a Gujrati family in 1938. He portrayed many roles irrespective of the age or the type of chararcter. The actor ballooned in size in later years of his life due to the gastronomical pleasures he had inherited by sleeping in a kitchen while he was a child (which became the cause of his death in 1985 ...,https://m.media-amazon.com/images/M/MV5BZmE5YTIwODYtMTA2OC00ZDg1LTk3NmItMGI1NzhjNTZiNjIyXkEyXkFqcGdeQXVyMTExNDQ2MTI@._V1_.jpg,Sanjeev Kumar
173,1973-09-02,"Sudeep is an Indian film actor, director, producer, screenwriter, playback singer, anchor, and cricketer who works primarily in Kannada cinema. He won the Filmfare Award for Best Actor - Kannada for three consecutive years for his films Huchcha (2001), Nandhi (2002) and Swathi Muthu (2003). Since 2013, he is hosting the television reality show ...",https://m.media-amazon.com/images/M/MV5BOWFjZGYxZDMtYTBhYy00YWVkLTk2NDUtMmE2NTAyM2Q0OTMyXkEyXkFqcGdeQXVyMjYwMDk5NjE@._V1_.jpg,Sudeep
174,1961-08-11,"Sunil Shetty made his debut in 1992 with Balwaan (1992), which was not a major hit. Yet his great acting skills got noticed. For two years success eluded him until action thriller Mohra (1994) came along in 1994. Then followed his success streak with a comical film Gopi Kishan (1994) in which he played a dual role. The movie became a blockbuster ...",https://m.media-amazon.com/images/M/MV5BODUwMzUyNTUxMl5BMl5BanBnXkFtZTcwNDM2ODIyOA@@._V1_.jpg,Sunil Shetty
175,1990-03-02,"Tiger Shroff was born on March 2, 1990 in Mumbai, India as Jai Hemant Shroff. He is an actor, known for Heropanti (2014), A Flying Jatt (2016) and Baaghi (2016).",https://m.media-amazon.com/images/M/MV5BNjUyMTQyNDA2M15BMl5BanBnXkFtZTgwNDI4ODEzOTE@._V1_.jpg,Tiger Shroff
176,1950-06-22,"Tom Alter, the son and grandson of American Presbyterian missionaries who first came to India in 1916, grew up in north India in the towns of Rajpur and Mussoorie, and studied at Woodstock School. It was while teaching at a school in Jagadhri, Haryana in the early 1970s that Alter picked honed his Hindi and fell in love with the movies, in specific...",https://m.media-amazon.com/images/M/MV5BMjk1NDI0ZjEtMDMwOS00ZTY5LTk3NTEtODYxZWZlNTE4OTZmXkEyXkFqcGdeQXVyMTExNDQ2MTI@._V1_.jpg,Tom Alter
177,1953-05-04,"Tinnu Anand is an Indian actor and director from Bollywood, who is most known as the director of Amitabh Bachchan\u0027s movies including, Kaalia (1981), Shahenshah (1988), Main Azaad Hoon (1989) and Major Saab (1998).He is the son of veteran writer Inder Raj Anand and uncle of director Siddharth Anand. Anand recently portrayed an important role in ...",https://m.media-amazon.com/images/M/MV5BZjM4OWEyOWItNmU0Yy00MjQyLTkyNzYtOTQzNzA1ZTJmOTY0XkEyXkFqcGdeQXVyMTExNDQ2MTI@._V1_.jpg,Tinnu Anand
178,1970-11-04,"Tabu is an Indian actress. She has mainly acted in Hindi films, though she has also starred in Telugu, Tamil, Malayalam, Marathi and Bengali-language films, as well as one American film. She has won the National Film Award for Best Actress twice, and holds the record for the most wins of Filmfare\u0027s Critics Award for Best Female Performer, with ...",https://m.media-amazon.com/images/M/MV5BMTU0ODQ2MjA5NF5BMl5BanBnXkFtZTYwMjczMjA0._V1_.jpg,Tabu
179,,"Tigmanshu Dhulia is a director and actor, known for Gangs of Wasseypur (2012), Paan Singh Tomar (2012) and Saheb Biwi Aur Gangster (2011).",https://m.media-amazon.com/images/M/MV5BMmVkZTMxMTgtNjk3Ny00Yzc4LWFhZWYtMjBhYTJjN2EwMDViXkEyXkFqcGdeQXVyMTExNDQ2MTI@._V1_.jpg,Tigmanshu Dhulia
180,,"Usha Nadkarni is an actress, known for Rustom (2016), Pavitra Rishta (2009) and Vaastav: The Reality (1999).",https://m.media-amazon.com/images/M/MV5BNDRiOGQ0YWYtNmE0MC00NWM4LTg5YTMtNzAyNjQyZGVkOThjXkEyXkFqcGdeQXVyMTExNDQ2MTI@._V1_.jpg,Usha Nadkarni
181,1975-06-29,"Upasna Singh was born on June 29, 1975 in Kapurthala, Punjab, India. She is an actress, known for Jatt \u0026amp; Juliet (2012), Disco Singh (2014) and Wattanaan Ton Door (2008). She has been married to Neeraj Bhardwaj since 2012.",https://m.media-amazon.com/images/M/MV5BYzkzNGJjNGMtMTcyMy00YmQ5LTgwMmItNzk4MjBkZWJhMTg1XkEyXkFqcGdeQXVyNDUzOTQ5MjY@._V1_.jpg,Upasna Singh
182,1929-03-29,"Utpal Dutt was born on March 29, 1929 in Barisal, Bengal Presidency, British India. He was an actor and director, known for Gol Maal (1979), Bhuvan Shome (1969) and Baisakhi Megh (1981). He was married to Sova Sen. He died on August 19, 1993 in Calcutta, West Bengal, India.",https://m.media-amazon.com/images/M/MV5BMDFiNjgzNGQtMmZkMy00NzNmLWE2MDItYzMzMWQ0ZmE3Yzg4XkEyXkFqcGdeQXVyNDUzOTQ5MjY@._V1_.jpg,Utpal Dutt
183,,"Upendra Limaye is an actor, known for Jogwa (2009), Tara From Satara (2019) and Contract (2008).",https://m.media-amazon.com/images/M/MV5BN2JkNjFjYzctOTM4NS00NGI3LWFhY2UtZmIwNTZjNzc1YTA3XkEyXkFqcGdeQXVyMTExNDQ2MTI@._V1_.jpg,Upendra Limaye
184,1987-04-24,"Varun Dhawan was born on April 24, 1987 in Mumbai, Maharashtra, India. He is an actor and assistant director, known for Badlapur (2015), October (2018) and Humpty Sharma Ki Dulhania (2014).",https://m.media-amazon.com/images/M/MV5BMjM0NTM3ODY4Ml5BMl5BanBnXkFtZTgwNTA4MDM0OTE@._V1_.jpg,Varun Dhawan
185,1960-12-13,"Venkatesh Daggubati was born on December 13, 1960 in Karamchedu, Andhra Pradesh, India as Daggupati Venkatesh. He is an actor, known for Ganesh (1998), Guru (2017) and Aadavari Matalaku Ardhalu Verule (2007).",https://m.media-amazon.com/images/M/MV5BMTkyNDE4OTA0MF5BMl5BanBnXkFtZTgwNjExMTE0OTE@._V1_.jpg,Venkatesh Daggubati
186,,Vijay Raaz was born and raised in Delhi where he attended Kirori Mal College. While at college he was a part of the dramatic society The Players. He also appeared in plays at the National School of Drama. He decided to focus on a film career and moved to Mumbai where he received a role in Ram Gopal Varma\u0027s Jungle. Naseeruddin Shah had seen him ...,https://m.media-amazon.com/images/M/MV5BOTc2ODgwODcxOF5BMl5BanBnXkFtZTgwNzM1MzYwMTE@._V1_.jpg,Vijay Raaz
187,1968-07-12,"Vinay Pathak was born on July 12, 1968 in Bhojpur District, Bihar, India. He is an actor and writer, known for Bheja Fry (2007), Rab Ne Bana Di Jodi (2008) and My Name Is Khan (2010).",https://m.media-amazon.com/images/M/MV5BMTgxODI1NTI2MV5BMl5BanBnXkFtZTgwODgxODYyNjE@._V1_.jpg,Vinay Pathak
188,,"Vishal Malik born 12 March 1989 in New Delhi is an Indian Film Actor. He studied Acting from Whistling Woods International Institute under the Guidance of Shernaz Patel Heading the department and he developed his craft under the guidance of Jameel Khan, Harmender Bhatia. The institute is promoted by Indian Filmmaker Subhash Ghai, Mukta Arts and ...",,Vishal Malik
189,1940-10-30,"Vikram Gokhle (occasionally credited as Vikram Gokhle) is a well known Indian film, television and stage actor, notable for his roles in Marathi theatre and Hindi films and television. He is the son of another well known veteran Marathi theater and film actor Chandrakant Gokhle, who acted in 68 Marathi and 16 Hindi films besides 64 Marathi plays ...",https://m.media-amazon.com/images/M/MV5BN2EyYjI5NmEtMDEwZC00ZGYwLWFjZWEtOWVkZjZjMDM0M2IyXkEyXkFqcGdeQXVyMTExNDQ2MTI@._V1_.jpg,Vikram Gokhale
190,,"Vipin Sharma is an actor and editor, known for Taare Zameen Par (2007), Gangs of Wasseypur (2012) and Hotel Mumbai (2018).",https://m.media-amazon.com/images/M/MV5BZjQxYWI5M2UtNTdiZi00OTU0LTk2YTgtYjc3MWFkZGEzMWZkXkEyXkFqcGdeQXVyNDAzNDk0MTQ@._V1_.jpg,Vipin Sharma
191,1946-10-06,"At the start of his career, he played supporting or villainous characters in films such as Purab Aur Paschim, Sachaa Jhutha, Aan Milo Sajna, and Mastana in 1970, and in Mera Gaon Mera Desh, Elaan and Aan Milo Sajna in 1971.He got his first break as the solo lead hero in the film Hum Tum Aur Woh (1971), which was followed by the 1971 multi-hero ...",https://m.media-amazon.com/images/M/MV5BMGNlOWMyNDUtMjYzZi00YmE2LThjNTItMjFiOTA3YzBkZjZmXkEyXkFqcGdeQXVyMTExNDQ2MTI@._V1_.jpg,Vinod Khanna
192,1933-08-13,"Vyjayanthimala was born to actress and dancer Vasundhara Devi in a Tamil-speaking family in Chennai, India, on August 13, 1936. At the age of 4, she got the rare chance of performing a dance before the Pope. Then at the age of 15, while in her final year at school, she was signed-up by family friend, M.V. Raman, for a role in a Tamil film \u0027Vazhkai\u0027...",https://m.media-amazon.com/images/M/MV5BYWVjYzI1YzctOGJkYS00ZGM5LTg3OGItYmI5ZTIyMGI2ZGI3XkEyXkFqcGdeQXVyNDUzOTQ5MjY@._V1_.jpg,Vyjayanthimala
193,1979-01-01,"Vidya was born in Palghat, Kerala, India. Her family consists of her dad, P.R. Balan, who is the Vice-President of ETC Channel; mom - a home-maker, and an elder sister, Priya, who is married to Kedar. She also has an aunt by the name of Raji Raju. The Balan family re-located to live at Road No. 11, near Ambedkar Garden, Chembur, Bombay, when Vidya ...",https://m.media-amazon.com/images/M/MV5BNDI3Mjk2MjgzMl5BMl5BanBnXkFtZTcwODQwMjI1OQ@@._V1_.jpg,Vidya Balan
194,1971-06-16,"Vrajesh Hirjee was born on June 16, 1971 in Bihar, India. He is an actor and writer, known for Kaho Naa... Pyaar Hai (2000), Fanaa (2006) and Lakeer - Forbidden Lines (2004).",https://m.media-amazon.com/images/M/MV5BMTI4OWU4ZDktOGNlNC00NTBlLWJjNTctM2JmYzBhOGFhNWE4XkEyXkFqcGdeQXVyMTExNDQ2MTI@._V1_.jpg,Vrajesh Hirjee
195,1938-02-03,"Waheeda was born in a Tamil and Urdu-speaking family in Chengalpattu-Tamil Nadu, India. Her father was the District Magistrate which led him to be posted in several places. Tragedy visited her in 1948 when her dad passed away. Her mom passed away in 1955. A year after her dad\u0027s death she appeared in a Telegu movie \u0027Rojulu Marayi\u0027. Her role was as ...",https://m.media-amazon.com/images/M/MV5BMTQ4NzE2OTMyMl5BMl5BanBnXkFtZTcwOTc4MDEzMQ@@._V1_.jpg,Waheeda Rehman
196,1970-08-09,"Yashpal Sharma was born on August 9, 1970 in Hisar, Haryana, India. He is an actor and casting director, known for Lagaan: Once Upon a Time in India (2001), Gangs of Wasseypur (2012) and Gangaajal (2003).",https://m.media-amazon.com/images/M/MV5BMzczOGQwZDMtYWQxYi00NDZhLTlkNWYtMjVkMzhlODcyZmU4XkEyXkFqcGdeQXVyMTExNDQ2MTI@._V1_.jpg,Yashpal Sharma
197,1951-11-19,Zeenat Aman was born to a Hindu mother and a Muslim father Amanullah who was one of the writers for the classic \,https://m.media-amazon.com/images/M/MV5BMTg4NDcxNTQ0N15BMl5BanBnXkFtZTgwNTI3OTczOTE@._V1_.jpg,Zeenat Aman
198,1912-04-27,"Sahibzadi Zohra Begum Mumtaz-ullah Khan, better known as Zohra Sehgal, was born into a Sunni Muslim Rohilla Pathan family of Rampur, Uttar Pradesh, on 27th April, 1912 in Rampur, Uttar Pradesh, India. However, unlike most other children of traditional households, Zohra Sehgal was a tomboy, who enjoyed climbing trees and playing games. Always ...",https://m.media-amazon.com/images/M/MV5BMzA0NDAzZjAtOTFhMi00N2RiLWIxOWUtMTBkY2U0YjI3ZDU2XkEyXkFqcGdeQXVyNDUzOTQ5MjY@._V1_.jpg,Zohra Sehgal
199,,"Zarina Wahab is an actress, known for My Name Is Khan (2010), Gharaonda (1977) and I, Me aur Main (2013). She has been married to Aditya Pancholi since 1986. They have two children.",https://m.media-amazon.com/images/M/MV5BNDZhNzNiY2UtYzRkOS00N2IzLWFmNDctZTNkNTVkODZkZjEwXkEyXkFqcGdeQXVyMTExNDQ2MTI@._V1_.jpg,Zarina Wahab
